run_accession	sample_accession	sample_title	library_strategy	library_layout	read_count	base_count	fastq_bytes	submitted_format	submitted_bytes
SRR6818517	SAMN13282141	1507_WGBS_NeuN	Bisulfite-Seq	PAIRED	409353953	123624893806	36013979068;44722589486		
SRR6818721	SAMN13282100	1512_WGBS_NeuN	Bisulfite-Seq	PAIRED	440846226	133135560252	38533606658;46407071973		
SRR6818723	SAMN13282138	1510_WGBS_NeuN	Bisulfite-Seq	PAIRED	495742532	149714244664	40039601233;46281953592		
SRR6818726	SAMN13282165	1515_WGBS_NeuN	Bisulfite-Seq	PAIRED	500949922	151286876444	41049129991;47965290402		
SRR6825461	SAMN13321536	1531_WGBS_NeuN	Bisulfite-Seq	PAIRED	403556303	121874003506	32269931457;40448262339		
SRR6825472	SAMN13282143	4361_WGBS_Olig2	Bisulfite-Seq	PAIRED	483597098	146046323596	39773237555;48163993700		
SRR6825479	SAMN13282090	1541_WGBS_NeuN	Bisulfite-Seq	PAIRED	461539813	139385023526	39312143033;48666783962		
SRR6825480	SAMN13282089	3602_WGBS_NeuN	Bisulfite-Seq	PAIRED	511184168	154377618736	38052569645;51479547453		
SRR6825482	SAMN13282104	AN03398_WGBS_NeuN	Bisulfite-Seq	PAIRED	513086387	154952088874	40359131399;50954085096		
SRR6825483	SAMN13282103	AN15240_WGBS_NeuN	Bisulfite-Seq	PAIRED	512180213	154678424326	38054390379;51251591001		
SRR6825484	SAMN13282102	AN16799_WGBS_NeuN	Bisulfite-Seq	PAIRED	515919737	155807760574	38231263771;52518468567		
SRR6825486	SAMN13282171	AN05483_WGBS_NeuN	Bisulfite-Seq	PAIRED	510747115	154245628730	39440686232;48091482677		
SRR6825489	SAMN13282168	1532_WGBS_Olig2	Bisulfite-Seq	PAIRED	513571983	155098738866	41285189453;49926185407		
SRR6825490	SAMN13282167	1539_WGBS_Olig2	Bisulfite-Seq	PAIRED	513058368	154943627136	41560264188;50392870737		
SRR6825495	SAMN13282154	4395_WGBS_Olig2	Bisulfite-Seq	PAIRED	480786437	145197503974	42674262998;49795084858		
SRR6825498	SAMN13282151	4448_WGBS_NeuN	Bisulfite-Seq	PAIRED	465364867	140540189834	43297630220;49949220794		
SRR6825504	SAMN13282202	1525_WGBS_Olig2	Bisulfite-Seq	PAIRED	152326230	46002521460	15539038629;16198940358		
SRR6875364	SAMN13282182	4730_WGBS_NeuN	Bisulfite-Seq	PAIRED	502056956	151621200712	39748069388;50939020505		
SRR6875366	SAMN13282180	1513_WGBS_Olig2	Bisulfite-Seq	PAIRED	485621426	146657670652	38478109643;49770701955		
SRR6875367	SAMN13282179	1514_WGBS_Olig2	Bisulfite-Seq	PAIRED	488878002	147641156604	39152807156;49948674788		
SRR6875369	SAMN13282177	1518_WGBS_Olig2	Bisulfite-Seq	PAIRED	482314526	145658986852	38486826645;49347483658		
SRR6373909	SAMN13282099	1512_WGBS_Olig2	Bisulfite-Seq	PAIRED	435865354	131631336908	37200655934;45917278111		
SRR6373910	SAMN13282098	1523_WGBS_Olig2	Bisulfite-Seq	PAIRED	399034631	120508458562	34887422100;42149064681		
SRR6373914	SAMN13282190	3545_WGBS_Olig2	Bisulfite-Seq	PAIRED	480592921	145139062142	41991281428;51843778263		
SRR6373915	SAMN13282189	3586_WGBS_NeuN	Bisulfite-Seq	PAIRED	497453934	150231088068	40685098421;52583854728		
SRR6373918	SAMN13282186	1523_WGBS_NeuN	Bisulfite-Seq	PAIRED	387461560	117013391120	33432486788;41475709547		
SRR6373921	SAMN13282146	3586_WGBS_Olig2	Bisulfite-Seq	PAIRED	494054559	149204476818	40467715533;51718530817		
SRR6373933	SAMN13282165	1515_WGBS_NeuN	Bisulfite-Seq	PAIRED	493696578	149096366556	39865472408;47732638425		
SRR6373934	SAMN13282164	1518_WGBS_NeuN	Bisulfite-Seq	PAIRED	498081787	150420699674	37732809616;51827739592		
SRR6373940	SAMN13282093	1538_WGBS_NeuN	Bisulfite-Seq	PAIRED	428046169	129269943038	38435568416;45146711694		
SRR6373948	SAMN13282101	Miami0001_WGBS_NeuN	Bisulfite-Seq	PAIRED	521185063	157397889026	40295635887;54105526736		
SRR6373955	SAMN13282160	AN10090_WGBS_Olig2	Bisulfite-Seq	PAIRED	472885077	142811293254	42049513383;49346302582		
SRR6373963	SAMN13282152	AN17799_WGBS_Olig2	Bisulfite-Seq	PAIRED	499537828	150860424056	39738320160;48191121375		
SRR6373971	SAMN13282199	4504_WGBS_Olig2	Bisulfite-Seq	PAIRED	487269584	147155414368	40709371769;48069162166		
SRR6373975	SAMN13282195	AN03398_WGBS_Olig2	Bisulfite-Seq	PAIRED	502757166	151832664132	40061170876;51099547958		
SRR6373993	SAMN13282172	1508_WGBS_Olig2	Bisulfite-Seq	PAIRED	477006103	144055843106	39615307428;49891649314		
SRR6373899	SAMN13292113	1535_WGBS_NeuN	Bisulfite-Seq	PAIRED	249166836	74953865525	19129536451;20249582885		
SRR6373906	SAMN13321536	1531_WGBS_NeuN	Bisulfite-Seq	PAIRED	368177960	111189743920	27440649535;35729193823		
SRR6373907	SAMN13321623	1534_WGBS_NeuN	Bisulfite-Seq	PAIRED	412614788	124609665976	30353025597;40201191073		
SRR6373911	SAMN13282097	1524_WGBS_NeuN	Bisulfite-Seq	PAIRED	334689298	101076167996	29513420251;35837568408		
SRR6373913	SAMN13282191	3545_WGBS_NeuN	Bisulfite-Seq	PAIRED	488270727	147457759554	40188443260;51646808742		
SRR6373920	SAMN13282147	1524_WGBS_Olig2	Bisulfite-Seq	PAIRED	339663756	102578454312	28812141865;35659815974		
SRR6373929	SAMN13282138	1510_WGBS_NeuN	Bisulfite-Seq	PAIRED	490809204	148224379608	39984323428;45798033672		
SRR6373936	SAMN13282162	1511_WGBS_Olig2	Bisulfite-Seq	PAIRED	359959908	108707892216	29777801932;35680056492		
SRR6373944	SAMN13282088	3611_WGBS_NeuN	Bisulfite-Seq	PAIRED	514720603	155445622106	39011028064;51685272667		
SRR6373949	SAMN13282184	4615_WGBS_Olig2	Bisulfite-Seq	PAIRED	512720215	154841504930	40356191155;49755593394		
SRR6373953	SAMN13282168	1532_WGBS_Olig2	Bisulfite-Seq	PAIRED	506344915	152916164330	41085657453;49149287838		
SRR6373958	SAMN13282157	1538_WGBS_Olig2	Bisulfite-Seq	PAIRED	500465861	151140690022	42652330676;50124419767		
SRR6373959	SAMN13282156	1541_WGBS_Olig2	Bisulfite-Seq	PAIRED	510900299	154291890298	42221228564;49608715986		
SRR6373960	SAMN13282155	4395_WGBS_NeuN	Bisulfite-Seq	PAIRED	482955377	145852523854	42707031793;50166660912		
SRR6373964	SAMN13282151	4448_WGBS_NeuN	Bisulfite-Seq	PAIRED	469713073	141853348046	43557988220;50429647602		
SRR6373965	SAMN13282150	3590_WGBS_NeuN	Bisulfite-Seq	PAIRED	482597052	145744309704	43505231568;50686880029		
SRR6373973	SAMN13282197	3611_WGBS_Olig2	Bisulfite-Seq	PAIRED	509085221	153743736742	39945014566;51451808057		
SRR6373976	SAMN13282194	AN15240_WGBS_Olig2	Bisulfite-Seq	PAIRED	520554801	157207549902	41272671780;52640295377		
SRR6373991	SAMN13282174	4730_WGBS_Olig2	Bisulfite-Seq	PAIRED	488873487	147639793074	39470501343;50517334659		
SRR6818719	SAMN13282164	1518_WGBS_NeuN	Bisulfite-Seq	PAIRED	486323056	146869562912	37549353908;49925081114		
SRR6825467	SAMN13282189	3586_WGBS_NeuN	Bisulfite-Seq	PAIRED	496702749	150004230198	40764882528;52187139965		
SRR6825470	SAMN13282147	1524_WGBS_Olig2	Bisulfite-Seq	PAIRED	359704442	108630741484	30303762179;37616298191		
SRR6825478	SAMN13282091	1539_WGBS_NeuN	Bisulfite-Seq	PAIRED	468476523	141479909946	39753753962;49371577799		
SRR6825485	SAMN13282184	4615_WGBS_Olig2	Bisulfite-Seq	PAIRED	502987516	151902229832	39691557700;48782677697		
SRR6825499	SAMN13282150	3590_WGBS_NeuN	Bisulfite-Seq	PAIRED	483269760	145947467520	43064033692;50475339048		
SRR6825505	SAMN13282200	4448_WGBS_Olig2	Bisulfite-Seq	PAIRED	473253651	142922602602	42018032433;49259459244		
SRR6830107	SAMN13282195	AN03398_WGBS_Olig2	Bisulfite-Seq	PAIRED	507171562	153165811724	40075727601;51296218565		
SRR6833433	SAMN13282183	AN09634_WGBS_NeuN	Bisulfite-Seq	PAIRED	495486057	149636789214	39295796323;50005598423		
SRR6879068	SAMN13282190	3545_WGBS_Olig2	Bisulfite-Seq	PAIRED	484111060	146201540120	42317348141;52294301555		
SRR6879071	SAMN13282201	AN17799_WGBS_NeuN	Bisulfite-Seq	PAIRED	498265548	150476195496	39742058019;48046194778		
SRR6373900	SAMN13320085	1516_WGBS_NeuN	Bisulfite-Seq	PAIRED	214689424	64563593974	16120761201;17163369589		
SRR6373901	SAMN13320430	1509_WGBS_NeuN	Bisulfite-Seq	PAIRED	230582642	69353341061	17190375894;18169286671		
SRR6373902	SAMN13320699	1519_WGBS_NeuN	Bisulfite-Seq	PAIRED	252076948	75825076669	19383707120;20420845986		
SRR6373908	SAMN13282100	1512_WGBS_NeuN	Bisulfite-Seq	PAIRED	433986423	131063899746	37989444081;46074389762		
SRR6373916	SAMN13282188	1505_WGBS_NeuN	Bisulfite-Seq	PAIRED	395664344	119490631888	34729141677;42399850282		
SRR6373917	SAMN13282187	1505_WGBS_Olig2	Bisulfite-Seq	PAIRED	379346413	114562616726	34957290733;41021394638		
SRR6373919	SAMN13282185	4336_WGBS_Olig2	Bisulfite-Seq	PAIRED	466135438	140772902276	36649593705;48828507537		
SRR6373924	SAMN13282143	4361_WGBS_Olig2	Bisulfite-Seq	PAIRED	477122801	144091085902	39167862555;48254893716		
SRR6373932	SAMN13282135	1514_WGBS_NeuN	Bisulfite-Seq	PAIRED	475743433	143674516766	39650538022;46667749498		
SRR6373942	SAMN13282090	1541_WGBS_NeuN	Bisulfite-Seq	PAIRED	468382953	141451651806	39642052440;49692749927		
SRR6373946	SAMN13282103	AN15240_WGBS_NeuN	Bisulfite-Seq	PAIRED	519954126	157026146052	38266421031;52499357952		
SRR6373947	SAMN13282102	AN16799_WGBS_NeuN	Bisulfite-Seq	PAIRED	516369421	155943565142	38477093879;52426074425		
SRR6373957	SAMN13282158	1536_WGBS_Olig2	Bisulfite-Seq	PAIRED	630729024	190480165248	63417418151;66548045229		
SRR6373961	SAMN13282154	4395_WGBS_Olig2	Bisulfite-Seq	PAIRED	477288742	144141200084	42683333928;49495642882		
SRR6373977	SAMN13282193	AN16799_WGBS_Olig2	Bisulfite-Seq	PAIRED	511166344	154372235888	41359558998;53080206085		
SRR6373979	SAMN13282106	Miami0001_WGBS_Olig2	Bisulfite-Seq	PAIRED	503212226	151970092252	40461494576;51023106039		
SRR6373980	SAMN13282183	AN09634_WGBS_NeuN	Bisulfite-Seq	PAIRED	490930614	148261045428	39280904169;49678375429		
SRR6373981	SAMN13282182	4730_WGBS_NeuN	Bisulfite-Seq	PAIRED	500546994	151165192188	39817724400;50472581302		
SRR6373983	SAMN13322498	1521_WGBS_NeuN	Bisulfite-Seq	PAIRED	682429168	205780225332	34046785875;34470213540		
SRR6373987	SAMN13282178	1515_WGBS_Olig2	Bisulfite-Seq	PAIRED	484020656	146174238112	38479282155;50112560395		
SRR6373988	SAMN13282177	1518_WGBS_Olig2	Bisulfite-Seq	PAIRED	488438718	147508492836	38426528674;50120885768		
SRR6461124	SAMN13282139	1508_WGBS_NeuN	Bisulfite-Seq	PAIRED	409312805	123612467110	33168716825;39438298356		
SRR6818722	SAMN13282099	1512_WGBS_Olig2	Bisulfite-Seq	PAIRED	421342758	127245512916	35929788369;44862085736		
SRR6825463	SAMN13321623	1534_WGBS_NeuN	Bisulfite-Seq	PAIRED	418780256	126471637312	31601103319;41622005148		
SRR6825465	SAMN13282096	4336_WGBS_NeuN	Bisulfite-Seq	PAIRED	470537616	142102360032	37987890027;49574406696		
SRR6825477	SAMN13282093	1538_WGBS_NeuN	Bisulfite-Seq	PAIRED	434621537	131255704174	39113176064;46082154774		
SRR6825493	SAMN13282156	1541_WGBS_Olig2	Bisulfite-Seq	PAIRED	510732683	154241270266	42495931857;49622234934		
SRR6825496	SAMN13282153	4504_WGBS_NeuN	Bisulfite-Seq	PAIRED	480660782	145159556164	42856561363;50314923116		
SRR6825500	SAMN13282149	3590_WGBS_Olig2	Bisulfite-Seq	PAIRED	481754834	145489959868	41103303866;49720933278		
SRR6825501	SAMN13282203	1520_WGBS_Olig2	Bisulfite-Seq	PAIRED	218337155	65937820810	21977975208;23226743343		
SRR6830105	SAMN13282197	3611_WGBS_Olig2	Bisulfite-Seq	PAIRED	511342546	154425448892	40517570881;51061835096		
SRR6833424	SAMN13282192	4804_WGBS_NeuN	Bisulfite-Seq	PAIRED	503438420	152038402840	41333800936;52673159099		
SRR6875365	SAMN13282181	AN18099_WGBS_NeuN	Bisulfite-Seq	PAIRED	483658573	146064889046	38405906229;49191526912		
SRR6879070	SAMN13282162	1511_WGBS_Olig2	Bisulfite-Seq	PAIRED	368873535	111399807570	30176641003;36744470220		
SRR6897040	SAMN13282146	3586_WGBS_Olig2	Bisulfite-Seq	PAIRED	496286122	149878408844	40449329071;51882031509		
SRR6373926	SAMN13282141	1507_WGBS_NeuN	Bisulfite-Seq	PAIRED	413625010	124914753020	36107471811;44980748170		
SRR6373941	SAMN13282091	1539_WGBS_NeuN	Bisulfite-Seq	PAIRED	447478739	135138579178	39284588847;46803144182		
SRR6373954	SAMN13282167	1539_WGBS_Olig2	Bisulfite-Seq	PAIRED	511538218	154484541836	41256174240;50322696972		
SRR6373967	SAMN13282203	1520_WGBS_Olig2	Bisulfite-Seq	PAIRED	474265426	143228158652	41678697464;49582651072		
SRR6373970	SAMN13282200	4448_WGBS_Olig2	Bisulfite-Seq	PAIRED	465375594	140543429388	41966644252;48855616323		
SRR6373974	SAMN13282196	4804_WGBS_Olig2	Bisulfite-Seq	PAIRED	510840825	154273929150	40794791935;52992857334		
SRR6373978	SAMN13282192	4804_WGBS_NeuN	Bisulfite-Seq	PAIRED	507426541	153242815382	40962498311;52744532533		
SRR6816995	SAMN13282188	1505_WGBS_NeuN	Bisulfite-Seq	PAIRED	410185424	123875998048	36112580903;43813091647		
SRR6817196	SAMN13282187	1505_WGBS_Olig2	Bisulfite-Seq	PAIRED	418739368	126459289136	37795766552;44933162321		
SRR6818724	SAMN13282136	1513_WGBS_NeuN	Bisulfite-Seq	PAIRED	490126911	148018327122	39948274544;47343340287		
SRR6818725	SAMN13282135	1514_WGBS_NeuN	Bisulfite-Seq	PAIRED	472759001	142773218302	39753769173;46992693619		
SRR6825464	SAMN13282098	1523_WGBS_Olig2	Bisulfite-Seq	PAIRED	363667434	109827565068	31854320430;38705228396		
SRR6825466	SAMN13282191	3545_WGBS_NeuN	Bisulfite-Seq	PAIRED	453509862	136959978324	37699732659;48136559009		
SRR6825469	SAMN13282185	4336_WGBS_Olig2	Bisulfite-Seq	PAIRED	476094712	143780603024	37429791612;49962372238		
SRR6825471	SAMN13282144	4615_WGBS_NeuN	Bisulfite-Seq	PAIRED	458683383	138522381666	36708545439;47236137298		
SRR6825473	SAMN13282163	1525_WGBS_NeuN	Bisulfite-Seq	PAIRED	487134795	147114708090	37166880195;49311671782		
SRR6825476	SAMN13282094	1536_WGBS_NeuN	Bisulfite-Seq	PAIRED	450864856	136161186512	38440744833;46568792129		
SRR6825481	SAMN13282088	3611_WGBS_NeuN	Bisulfite-Seq	PAIRED	522967538	157936196476	39107992398;52425743717		
SRR6825487	SAMN13282170	AN05483_WGBS_Olig2	Bisulfite-Seq	PAIRED	512761371	154853934042	39436744986;49377304003		
SRR6825492	SAMN13282157	1538_WGBS_Olig2	Bisulfite-Seq	PAIRED	505362849	152619580398	43036758599;50995065104		
SRR6825494	SAMN13282155	4395_WGBS_NeuN	Bisulfite-Seq	PAIRED	484225232	146236020064	42693095080;50273770701		
SRR6825497	SAMN13282152	AN17799_WGBS_Olig2	Bisulfite-Seq	PAIRED	508279458	153500396316	40251783919;49977518908		
SRR6825502	SAMN13282203	1520_WGBS_Olig2	Bisulfite-Seq	PAIRED	225931893	68231431686	22721980558;24045594149		
SRR6825503	SAMN13282202	1525_WGBS_Olig2	Bisulfite-Seq	PAIRED	144307437	43580845974	14708161430;15373065013		
SRR6875368	SAMN13282178	1515_WGBS_Olig2	Bisulfite-Seq	PAIRED	485352928	146576584256	38759091641;49911189780		
SRR6875370	SAMN13282176	AN18099_WGBS_Olig2	Bisulfite-Seq	PAIRED	474002058	143148621516	38101679957;50169966634		
SRR6875372	SAMN13282174	4730_WGBS_Olig2	Bisulfite-Seq	PAIRED	492339768	148686609936	39867927196;50514870656		
SRR6902596	SAMN13282145	4361_WGBS_NeuN	Bisulfite-Seq	PAIRED	492776338	148818454076	40870648546;50572520014		
SRR6902597	SAMN13282198	3602_WGBS_Olig2	Bisulfite-Seq	PAIRED	505642139	152703925978	39759958678;51265883472		
SRR6373903	SAMN13320793	1533_WGBS_NeuN	Bisulfite-Seq	PAIRED	223240633	67154900131	16527320990;17628439154		
SRR6373904	SAMN13321403	1537_WGBS_NeuN	Bisulfite-Seq	PAIRED	236948621	71292254708	18124446046;19039455073		
SRR6373905	SAMN13321469	1517_WGBS_NeuN	Bisulfite-Seq	PAIRED	405093385	122338202270	29033436791;37170246892		
SRR6373912	SAMN13282096	4336_WGBS_NeuN	Bisulfite-Seq	PAIRED	475911017	143725127134	37878891538;50187590418		
SRR6373922	SAMN13282145	4361_WGBS_NeuN	Bisulfite-Seq	PAIRED	470173691	141992454682	38381766969;49281394936		
SRR6373923	SAMN13282144	4615_WGBS_NeuN	Bisulfite-Seq	PAIRED	470666319	142141228338	37455954670;47569117075		
SRR6373925	SAMN13282142	1506_WGBS_NeuN	Bisulfite-Seq	PAIRED	733983657	221663064414	59357973580;73580207261		
SRR6373927	SAMN13282140	1507_WGBS_Olig2	Bisulfite-Seq	PAIRED	434753695	131295615890	36017320078;46909385593		
SRR6373928	SAMN13282139	1508_WGBS_NeuN	Bisulfite-Seq	PAIRED	328013081	99059950462	26786175737;31800912488		
SRR6373930	SAMN13282137	1511_WGBS_NeuN	Bisulfite-Seq	PAIRED	353427253	106735030406	29913453325;35335899214		
SRR6373931	SAMN13282136	1513_WGBS_NeuN	Bisulfite-Seq	PAIRED	492769014	148816242228	40294284734;47457093429		
SRR6373935	SAMN13282163	1525_WGBS_NeuN	Bisulfite-Seq	PAIRED	490675225	148183917950	37141916861;49652975320		
SRR6373937	SAMN13282161	1527_WGBS_NeuN	Bisulfite-Seq	PAIRED	482950354	145851006908	37458395146;48237282390		
SRR6373938	SAMN13282095	1532_WGBS_NeuN	Bisulfite-Seq	PAIRED	459559767	138787049634	39882933530;47778305840		
SRR6373939	SAMN13282094	1536_WGBS_NeuN	Bisulfite-Seq	PAIRED	453865006	137067231812	38882471829;46740551753		
SRR6373943	SAMN13282089	3602_WGBS_NeuN	Bisulfite-Seq	PAIRED	512303807	154715749714	38097933235;51924699782		
SRR6373945	SAMN13282104	AN03398_WGBS_NeuN	Bisulfite-Seq	PAIRED	500053840	151016259680	39596137695;50646183767		
SRR6373950	SAMN13282171	AN05483_WGBS_NeuN	Bisulfite-Seq	PAIRED	510757753	154248841406	39558593848;48095047592		
SRR6373951	SAMN13282170	AN05483_WGBS_Olig2	Bisulfite-Seq	PAIRED	508196063	153475211026	39520191644;48649959296		
SRR6373952	SAMN13282169	AN10090_WGBS_NeuN	Bisulfite-Seq	PAIRED	516252950	155908390900	39589953634;49385541658		
SRR6373956	SAMN13282159	1527_WGBS_Olig2	Bisulfite-Seq	PAIRED	1010994746	305320413292	86342303925;101195135253		
SRR6373962	SAMN13282153	4504_WGBS_NeuN	Bisulfite-Seq	PAIRED	480977556	145255221912	23766773366;24346401630		
SRR6373966	SAMN13282149	3590_WGBS_Olig2	Bisulfite-Seq	PAIRED	471269811	142323482922	40483011397;48785339430		
SRR6373968	SAMN13282202	1525_WGBS_Olig2	Bisulfite-Seq	PAIRED	461993999	139522187698	42215604123;48455527635		
SRR6373969	SAMN13282201	AN17799_WGBS_NeuN	Bisulfite-Seq	PAIRED	494448918	149323573236	39451189786;47473914404		
SRR6373972	SAMN13282198	3602_WGBS_Olig2	Bisulfite-Seq	PAIRED	507657682	153312619964	40063196300;51882755119		
SRR6373982	SAMN13282181	AN18099_WGBS_NeuN	Bisulfite-Seq	PAIRED	500630025	151190267550	38524803150;50399957863		
SRR6373984	SAMN13323390	1522_WGBS_NeuN	Bisulfite-Seq	PAIRED	677571020	204384298253	50945194888;62526185244		
SRR6373985	SAMN13282180	1513_WGBS_Olig2	Bisulfite-Seq	PAIRED	486363043	146881638986	38753278017;49532342735		
SRR6373986	SAMN13282179	1514_WGBS_Olig2	Bisulfite-Seq	PAIRED	492492742	148732808084	38900161125;50297599066		
SRR6373989	SAMN13282176	AN18099_WGBS_Olig2	Bisulfite-Seq	PAIRED	468451553	141472369006	38536850015;49626994550		
SRR6373990	SAMN13282175	AN09634_WGBS_Olig2	Bisulfite-Seq	PAIRED	470666807	142141375714	39900246334;49511449627		
SRR6373992	SAMN13282173	1510_WGBS_Olig2	Bisulfite-Seq	PAIRED	477824407	144302970914	39065739264;49738290382		
SRR6818720	SAMN13282140	1507_WGBS_Olig2	Bisulfite-Seq	PAIRED	438339259	132378456218	36427690175;47526273644		
SRR6825462	SAMN13321536	1531_WGBS_NeuN	Bisulfite-Seq	PAIRED	137905187	41647366474	12750622489;13380504809		
SRR6825468	SAMN13282186	1523_WGBS_NeuN	Bisulfite-Seq	PAIRED	373721187	112863798474	32710669382;39980178835		
SRR6825474	SAMN13282161	1527_WGBS_NeuN	Bisulfite-Seq	PAIRED	498439328	150528677056	38318242828;48557485218		
SRR6825475	SAMN13282095	1532_WGBS_NeuN	Bisulfite-Seq	PAIRED	457947422	138300121444	39614780549;48179459347		
SRR6825488	SAMN13282169	AN10090_WGBS_NeuN	Bisulfite-Seq	PAIRED	523372921	158058622142	39833962341;49746752523		
SRR6825491	SAMN13282160	AN10090_WGBS_Olig2	Bisulfite-Seq	PAIRED	479989058	144956695516	42133099055;49875053498		
SRR6825506	SAMN13282199	4504_WGBS_Olig2	Bisulfite-Seq	PAIRED	487799277	147315381654	40345745018;47686727690		
SRR6830106	SAMN13282196	4804_WGBS_Olig2	Bisulfite-Seq	PAIRED	514644791	155422726882	40860101665;52885438230		
SRR6830108	SAMN13282194	AN15240_WGBS_Olig2	Bisulfite-Seq	PAIRED	514832825	155479513150	41313151118;52417979714		
SRR6830109	SAMN13282193	AN16799_WGBS_Olig2	Bisulfite-Seq	PAIRED	518820299	156683730298	41923039161;52984561466		
SRR6833426	SAMN13282106	Miami0001_WGBS_Olig2	Bisulfite-Seq	PAIRED	503496591	152055970482	40474838517;51305460997		
SRR6875371	SAMN13282175	AN09634_WGBS_Olig2	Bisulfite-Seq	PAIRED	473810276	143090703352	40003721286;49352629390		
SRR6875373	SAMN13282173	1510_WGBS_Olig2	Bisulfite-Seq	PAIRED	484843741	146422809782	39190586407;50642348049		
SRR6875374	SAMN13282172	1508_WGBS_Olig2	Bisulfite-Seq	PAIRED	482201619	145624888938	38405672971;49799379502		
SRR6879067	SAMN13282097	1524_WGBS_NeuN	Bisulfite-Seq	PAIRED	339720836	102595692472	29920987657;36550820951		
SRR6879069	SAMN13282137	1511_WGBS_NeuN	Bisulfite-Seq	PAIRED	392494361	118533297022	32811595725;38387990613		
SRR6897031	SAMN13321469	1517_WGBS_NeuN	Bisulfite-Seq	PAIRED	330280428	99744689256	23319763596;28648188819		
SRR6902602	SAMN13282101	Miami0001_WGBS_NeuN	Bisulfite-Seq	PAIRED	520333098	157140595596	40771313639;53680100895		
