example,gap_bp,manhattan_similarity,dcor,q0,credit,formula
identical_variable,8,1,1,0.145038167938931,1,1
identical_variable,100,1,1,0.145038167938931,1,1
identical_variable,500,1,1,0.145038167938931,1,1
shifted_variable,8,0.35,1,0.145038167938931,1,0.35
shifted_variable,100,0.35,1,0.145038167938931,1,0.35
shifted_variable,500,0.35,1,0.145038167938931,1,0.35
inverse_variable,8,0.523529411764706,1,0.145038167938931,1,0.523529411764706
inverse_variable,100,0.523529411764706,1,0.145038167938931,1,0.523529411764706
inverse_variable,500,0.523529411764706,1,0.145038167938931,1,0.523529411764706
identical_constant,8,1,,,0,0.923116346386636
identical_constant,100,1,,,0,0.367879441171442
identical_constant,500,1,,,0,0.00673794699908547
shared_singleton,8,1,1,0.0588235294117639,1,1
shared_singleton,100,1,1,0.0588235294117639,1,1
shared_singleton,500,1,1,0.0588235294117639,1,1
