bin,pairs,raw,corrected,reference,curve,cohort
"(20,40]",564112,0.00474596488562861,0.00220299846480693,0.00221379780636537,Unadjusted,Colon (development)
"(10,20]",615229,0.00484946684628848,0.00212471145730101,0.00211358098368726,Unadjusted,Colon (development)
"(0,10]",1345297,0.00427081976801839,0.00176942019589986,0.00176150543911537,Unadjusted,Colon (development)
"(40,60]",227045,0.00449333954528588,0.00223838282607317,0.00227750474136456,Unadjusted,Colon (development)
"(100,150]",51839,0.00390899817484473,0.00211018108193251,0.00212051080935212,Unadjusted,Colon (development)
"(60,100]",152306,0.00445991393877913,0.00235465372188446,0.00233777611671656,Unadjusted,Colon (development)
"(150,200]",16864,0.00371100670705181,0.0019511045652343,0.00192852161937468,Unadjusted,Colon (development)
"(0,10]",1317244,0.00510459523759423,0.00198394640188934,0.00195871575125961,Depth + CpG density,Colon (development)
"(20,40]",557306,0.00491939747151226,0.00212719203239119,0.00215117146128115,Depth + CpG density,Colon (development)
"(10,20]",605107,0.00567201681312263,0.00232693084240359,0.00230577700672127,Depth + CpG density,Colon (development)
"(40,60]",224946,0.00451155557701998,0.00212733012767613,0.00217134761234957,Depth + CpG density,Colon (development)
"(100,150]",51706,0.00406138806357106,0.00211627300616112,0.00214082002209203,Depth + CpG density,Colon (development)
"(60,100]",151371,0.00455662953966399,0.00231373641630957,0.00228235538806608,Depth + CpG density,Colon (development)
"(150,200]",16848,0.00371327298754863,0.00195199554455979,0.00192964048536487,Depth + CpG density,Colon (development)
"(20,40]",894511,0.00170761185053306,0.000720174891166921,0.000717114187665473,Unadjusted,Blood (post-result)
"(10,20]",890503,0.00202523160234769,0.000817997852952777,0.00082092305800982,Unadjusted,Blood (post-result)
"(0,10]",1843229,0.00198670772195397,0.000782805489071507,0.000782543416529455,Unadjusted,Blood (post-result)
"(100,150]",93670,0.000863361376265721,0.000456615682478606,0.000447604997822614,Unadjusted,Blood (post-result)
"(40,60]",380207,0.00139534904360904,0.000639880743668975,0.000630228032797843,Unadjusted,Blood (post-result)
"(60,100]",274030,0.0011853560362245,0.000565742746818936,0.000578129244980053,Unadjusted,Blood (post-result)
"(150,200]",32699,0.000868045017437793,0.000391837380373408,0.000416986602319916,Unadjusted,Blood (post-result)
"(20,40]",894511,0.00151638093137503,0.000612177347448574,0.000617587593909334,Depth + CpG density,Blood (post-result)
"(10,20]",890503,0.00186336272528647,0.000691873315858625,0.000697547184268813,Depth + CpG density,Blood (post-result)
"(0,10]",1843229,0.00177513061353312,0.000631236917833029,0.000641037113048269,Depth + CpG density,Blood (post-result)
"(100,150]",93670,0.000885718730440229,0.000464728692128612,0.000454974581022938,Depth + CpG density,Blood (post-result)
"(40,60]",380207,0.00125997185495724,0.000585953346044706,0.000574203682532288,Depth + CpG density,Blood (post-result)
"(60,100]",274030,0.00110558163944314,0.000548790702281736,0.000552093670923887,Depth + CpG density,Blood (post-result)
"(150,200]",32699,0.00086804501743779,0.00039183738037341,0.000416986602319921,Depth + CpG density,Blood (post-result)
