stratum,level,pairs,delta_mse_cov,mean_loss_raw,mean_loss_cor,relative_change,share_cor_closer,delta_mse_d2,mean_noise_A,mean_raw_cov_A,mean_ref_cov,mean_cor_cov_A
all pairs,all,2972692,-2.506e-05,6.12e-05,3.613e-05,-0.4095,0.4392,-0.0004882,0.0025,0.004498,0.001996,0.001998
distance (bp),"(0,10]",1345297,-2.934e-05,5.816e-05,2.882e-05,-0.5044,0.4205,-0.0002587,0.002501,0.004271,0.001762,0.001769
distance (bp),"(10,20]",615229,-2.802e-05,6.515e-05,3.713e-05,-0.4301,0.448,-0.0004513,0.002725,0.004849,0.002114,0.002125
distance (bp),"(20,40]",564112,-2.124e-05,6.387e-05,4.263e-05,-0.3326,0.4644,-0.0006688,0.002543,0.004746,0.002214,0.002203
distance (bp),"(40,60]",227045,-1.484e-05,6.082e-05,4.598e-05,-0.2441,0.4633,-0.0008791,0.002255,0.004493,0.002278,0.002238
distance (bp),"(60,100]",152306,-1.214e-05,6.282e-05,5.068e-05,-0.1933,0.45,-0.001063,0.002105,0.00446,0.002338,0.002355
distance (bp),"(100,150]",51839,-8.643e-06,5.876e-05,5.011e-05,-0.1471,0.421,-0.001198,0.001799,0.003909,0.002121,0.00211
distance (bp),"(150,200]",16864,-8.566e-06,6.75e-05,5.893e-05,-0.1269,0.3878,-0.001454,0.00176,0.003711,0.001929,0.001951
mean depth in A (reads),"[2,5)",139309,-9.875e-05,0.0002388,0.0001401,-0.4135,0.4044,-0.001538,0.006112,0.008599,0.002421,0.002486
mean depth in A (reads),"[5,10)",1607076,-3.123e-05,7.686e-05,4.563e-05,-0.4063,0.4324,-0.0006387,0.002987,0.005053,0.002063,0.002066
mean depth in A (reads),"[10,20)",1178143,-8.824e-06,2.103e-05,1.221e-05,-0.4195,0.4515,-0.0001773,0.001477,0.003334,0.001865,0.001857
mean depth in A (reads),"[20,Inf)",48164,-3.32e-06,7.214e-06,3.894e-06,-0.4602,0.4651,-3.631e-05,0.0008085,0.002589,0.001763,0.00178
overlap in A,"[0,0.25)",32676,-1.079e-08,3.261e-05,3.26e-05,-3e-04,0.0309,-0.001248,1.123e-05,0.002313,0.002272,0.002302
overlap in A,"[0.25,0.5)",64647,-2.797e-06,2.389e-05,2.109e-05,-0.1171,0.379,-0.0004814,0.0009042,0.003092,0.002169,0.002188
overlap in A,"[0.5,0.75)",285842,-5.759e-06,2.885e-05,2.309e-05,-0.1996,0.4217,-0.0004571,0.001368,0.003754,0.00238,0.002386
overlap in A,"[0.75,1)",2589527,-2.806e-05,6.606e-05,3.799e-05,-0.4248,0.4477,-0.0004822,0.002696,0.004643,0.001946,0.001947
spread (mean raw SD),"[0,0.02)",721242,-1.42e-07,1.54e-07,1.204e-08,-0.9218,0.1539,-1.212e-06,8.84e-05,8.943e-05,1.167e-06,1.029e-06
spread (mean raw SD),"[0.02,0.05)",738317,-1.525e-06,3.496e-06,1.971e-06,-0.4363,0.4829,-8.707e-05,0.0005763,0.0006717,9.162e-05,9.541e-05
spread (mean raw SD),"[0.05,0.1)",931191,-8.306e-06,2.665e-05,1.835e-05,-0.3116,0.5203,-0.0005379,0.001929,0.002708,0.0007828,0.0007787
spread (mean raw SD),"[0.1,Inf)",581942,-0.0001126,0.0002653,0.0001527,-0.4244,0.6074,-0.001521,0.008842,0.01768,0.008828,0.008838
