"cgID","chr","pos","methy.state","flag.agreement.count","biological.flag.count","external.flag.count"
"cg22224202","chr22",11915060,"HM",49,1,3
"cg03887676","chr22",12095366,"HM",51,1,1
"cg03032015","chr22",12097885,"M",51,0,2
"cg03312332","chr22",12097898,"HM",51,1,1
"cg26835374","chr22",12097959,"HM",49,1,3
"cg00004121","chr22",12098133,"M",50,0,3
"cg07970541","chr22",15508312,"M",52,0,1
"cg17204569","chr22",15511444,"H",48,1,4
"cg05506566","chr22",15554099,"M",50,0,3
"cg05924543","chr22",15554962,"HM",50,1,2
"cg04778411","chr22",15572298,"HM",52,1,0
"cg23921249","chr22",15573292,"HM",52,1,2
"cg20501883","chr22",15603422,"R",49,0,4
"cg26685726","chr22",15603441,"HM",50,1,4
"cg08711796","chr22",15690052,"HM",52,1,2
"cg15130204","chr22",15690964,"HM",52,1,2
"cg15668074","chr22",15721335,"M",52,0,1
"cg03531177","chr22",15749399,"HM",51,1,3
"cg07885834","chr22",15749417,"HM",52,1,0
"cg07917473","chr22",15750431,"M",52,0,1
"cg21423610","chr22",15759955,"HM",51,1,3
"cg13472645","chr22",15762134,"HM",47,1,5
"cg00555036","chr22",15764181,"M",53,0,0
"cg12153292","chr22",15775889,"M",50,0,3
"cg03944122","chr22",15777580,"M",53,0,0
"cg10030810","chr22",15778092,"M",52,0,1
"cg04105722","chr22",15784325,"M",53,0,0
"cg19057994","chr22",15818890,"HM",52,1,0
"cg03966099","chr22",15820367,"H",49,1,3
"cg26186732","chr22",15821037,"HM",51,1,1
"cg04110531","chr22",15821249,"M",50,0,3
"cg19807306","chr22",15822202,"HM",52,1,0
"cg11055967","chr22",15822620,"HM",50,1,2
"cg24521010","chr22",15822672,"HM",51,1,3
"cg04185470","chr22",15854696,"H",53,1,1
"cg18605377","chr22",16387048,"LM",52,1,0
"cg03389890","chr22",16387319,"R",53,0,0
"cg17036492","chr22",16387738,"M",53,0,0
"cg23557769","chr22",16391040,"HM",52,1,0
"cg07443748","chr22",16592704,"HM",51,1,1
"cg01474260","chr22",16592994,"HM",47,1,5
"cg12888097","chr22",16593959,"HM",50,1,2
"cg02601618","chr22",16594156,"H",52,1,0
"cg13117439","chr22",16600826,"R",51,0,2
"cg01836687","chr22",16601097,"LM",50,1,2
"cg26822097","chr22",16601691,"LM",51,1,1
"cg12431879","chr22",16601897,"LM",52,1,0
"cg00332021","chr22",16602522,"LM",53,1,1
"cg00816224","chr22",16602592,"LM",52,1,0
"cg15554678","chr22",16602673,"LM",52,1,0
"cg23572163","chr22",16602837,"LM",49,1,3
"cg20193183","chr22",16606997,"HM",52,1,0
"cg01024141","chr22",16609246,"LM",51,1,1
"cg18023096","chr22",16609696,"LM",51,1,1
"cg26581886","chr22",16609972,"M",53,0,0
"cg04112787","chr22",16610028,"LM",51,1,1
"cg20009101","chr22",16610333,"LM",48,1,4
"cg16234298","chr22",16610407,"R",50,0,3
"cg21220873","chr22",16695037,"HM",51,1,1
"cg05695327","chr22",16696025,"HM",52,1,0
"cg02665031","chr22",16697714,"HM",50,1,2
"cg03288512","chr22",16697804,"HM",52,1,2
"cg13552315","chr22",16697861,"H",52,1,0
"cg06842116","chr22",16701904,"HM",52,1,0
"cg19961720","chr22",16828959,"HM",50,1,2
"cg04037044","chr22",16959719,"HM",49,1,3
"cg07640117","chr22",16959965,"HM",52,1,0
"cg04561937","chr22",16962729,"HM",51,1,1
"cg20556786","chr22",17007041,"H",52,1,0
"cg03308092","chr22",17007385,"R",53,0,0
"cg20353484","chr22",17007985,"M",51,0,2
"cg13652169","chr22",17008222,"H",53,1,1
"cg02432860","chr22",17008297,"HM",53,1,1
"cg19091146","chr22",17008303,"HM",51,1,1
"cg07155303","chr22",17008477,"H",51,1,1
"cg06123976","chr22",17008862,"HM",52,1,0
"cg12370326","chr22",17008872,"HM",50,1,2
"cg17654752","chr22",17010940,"H",52,1,0
"cg13751645","chr22",17032615,"M",50,0,3
"cg06023066","chr22",17034747,"M",53,0,0
"cg10277548","chr22",17036172,"M",53,0,0
"cg25563983","chr22",17036439,"LM",44,1,8
"cg11577174","chr22",17036483,"M",53,0,0
"cg03511692","chr22",17036528,"M",52,0,1
"cg16747643","chr22",17036957,"M",53,0,0
"cg15861357","chr22",17037609,"M",53,0,0
"cg10664780","chr22",17037671,"M",46,0,7
"cg19901866","chr22",17083725,"H",52,1,0
"cg13595439","chr22",17083860,"H",50,1,2
"cg07191900","chr22",17084104,"HM",52,1,2
"cg20758542","chr22",17084259,"M",53,0,0
"cg01731685","chr22",17084565,"L",49,1,5
"cg21717745","chr22",17084722,"L",53,1,1
"cg02866761","chr22",17084774,"L",0,1,0
"cg05444620","chr22",17084785,"L",52,1,0
"cg03304299","chr22",17084852,"L",50,1,2
"cg05824484","chr22",17084984,"L",52,1,0
"cg12642297","chr22",17084999,"L",51,1,1
"cg26298038","chr22",17085014,"LM",52,1,2
"cg15502903","chr22",17085407,"L",51,1,3
