"tissue","pair.set","methy.state","n.pairs","sigma.p10","sigma.median","sigma.p90"
"Normal","<= 50 bp","ALL",1473,0.00248,0.0129,0.03493
"Normal","<= 50 bp","L",1098,0.00213,0.00916,0.01975
"Normal","<= 50 bp","LM",133,0.01567,0.02932,0.05478
"Normal","<= 50 bp","M",53,0.02177,0.03542,0.05883
"Normal","<= 50 bp","HM",118,0.01918,0.03401,0.05569
"Normal","<= 50 bp","H",43,0.00686,0.01315,0.02206
"Normal","<= 50 bp","R",28,0.02123,0.03602,0.05704
"Normal","<= 100 bp","ALL",2530,0.00289,0.01422,0.03752
"Normal","<= 100 bp","L",1831,0.00247,0.0107,0.02014
"Normal","<= 100 bp","LM",247,0.01597,0.0298,0.05472
"Normal","<= 100 bp","M",94,0.02275,0.03455,0.05957
"Normal","<= 100 bp","HM",217,0.02126,0.03367,0.05563
"Normal","<= 100 bp","H",88,0.00695,0.01462,0.02211
"Normal","<= 100 bp","R",53,0.0228,0.03975,0.0713
"Normal","<= 200 bp","ALL",4324,0.00316,0.01487,0.03777
"Normal","<= 200 bp","L",3126,0.00269,0.01147,0.0207
"Normal","<= 200 bp","LM",428,0.01656,0.03047,0.05563
"Normal","<= 200 bp","M",159,0.02196,0.03572,0.05973
"Normal","<= 200 bp","HM",349,0.02267,0.03498,0.05694
"Normal","<= 200 bp","H",173,0.00757,0.01525,0.02256
"Normal","<= 200 bp","R",89,0.02416,0.042,0.07548
"Normal","<= 500 bp","ALL",7421,0.00351,0.0154,0.04035
"Normal","<= 500 bp","L",5419,0.00295,0.01241,0.02121
"Normal","<= 500 bp","LM",717,0.01765,0.03413,0.06121
"Normal","<= 500 bp","M",265,0.0243,0.0405,0.06432
"Normal","<= 500 bp","HM",599,0.02418,0.03754,0.05909
"Normal","<= 500 bp","H",286,0.00812,0.01622,0.02367
"Normal","<= 500 bp","R",135,0.02563,0.0467,0.08331
"Normal","distant (>1 Mb, null)","ALL",796,0.00805,0.02238,0.06763
"Normal","distant (>1 Mb, null)","L",387,0.00419,0.01456,0.0237
"Normal","distant (>1 Mb, null)","LM",73,0.03118,0.05456,0.07835
"Normal","distant (>1 Mb, null)","M",46,0.03812,0.05861,0.09209
"Normal","distant (>1 Mb, null)","HM",210,0.03347,0.05246,0.08346
"Normal","distant (>1 Mb, null)","H",77,0.01245,0.01929,0.02575
"Tumor","<= 50 bp","ALL",1557,0.00301,0.0158,0.06826
"Tumor","<= 50 bp","L",973,0.00238,0.00969,0.02015
"Tumor","<= 50 bp","LM",105,0.00956,0.02428,0.04882
"Tumor","<= 50 bp","HM",93,0.021,0.03632,0.06158
"Tumor","<= 50 bp","H",28,0.00548,0.0136,0.01912
"Tumor","<= 50 bp","R",357,0.03275,0.06266,0.10264
"Tumor","<= 100 bp","ALL",2679,0.00355,0.01711,0.07886
"Tumor","<= 100 bp","L",1622,0.00262,0.01124,0.02091
"Tumor","<= 100 bp","LM",177,0.01144,0.02764,0.05463
"Tumor","<= 100 bp","HM",181,0.02319,0.04047,0.0627
"Tumor","<= 100 bp","H",53,0.00561,0.01378,0.02023
"Tumor","<= 100 bp","R",643,0.0364,0.06997,0.11328
"Tumor","<= 200 bp","ALL",4560,0.00382,0.01787,0.08437
"Tumor","<= 200 bp","L",2749,0.00294,0.01214,0.02173
"Tumor","<= 200 bp","LM",311,0.01383,0.03081,0.06095
"Tumor","<= 200 bp","HM",313,0.02341,0.04238,0.06366
"Tumor","<= 200 bp","H",106,0.00756,0.01592,0.02178
"Tumor","<= 200 bp","R",1075,0.04023,0.07659,0.12258
"Tumor","<= 500 bp","ALL",7811,0.00431,0.01867,0.09791
"Tumor","<= 500 bp","L",4634,0.00327,0.01292,0.02202
"Tumor","<= 500 bp","LM",533,0.0162,0.03583,0.06862
"Tumor","<= 500 bp","HM",551,0.02466,0.04499,0.06728
"Tumor","<= 500 bp","H",183,0.00878,0.01603,0.02179
"Tumor","<= 500 bp","R",1901,0.04567,0.08887,0.13725
"Tumor","distant (>1 Mb, null)","ALL",845,0.01071,0.07886,0.17782
"Tumor","distant (>1 Mb, null)","L",249,0.00423,0.01432,0.02325
"Tumor","distant (>1 Mb, null)","LM",49,0.04054,0.07273,0.1182
"Tumor","distant (>1 Mb, null)","HM",170,0.04232,0.06798,0.0992
"Tumor","distant (>1 Mb, null)","H",28,0.01076,0.01689,0.02365
"Tumor","distant (>1 Mb, null)","R",347,0.11317,0.14995,0.19585
