"tissue","method","methy.state","flag.rate.pct","median.abs.dbeta"
"Normal","ext.percentile","L",3.3,0.0353
"Normal","ext.percentile","LM",3.378,0.1174
"Normal","ext.percentile","M",1.407,0.1436
"Normal","ext.percentile","HM",2.372,0.117
"Normal","ext.percentile","H",2.693,0.0312
"Normal","ext.percentile","R",3.912,0.2671
"Normal","ext.floor.0.10","L",0.588,0.1165
"Normal","ext.floor.0.10","LM",1.885,0.1725
"Normal","ext.floor.0.10","M",1.135,0.1558
"Normal","ext.floor.0.10","HM",1.44,0.154
"Normal","ext.floor.0.10","H",0.061,0.1356
"Normal","ext.floor.0.10","R",3.774,0.2754
"Normal","tukey.iqr","L",4.806,0.057
"Normal","tukey.iqr","LM",3.872,0.1556
"Normal","tukey.iqr","M",1.139,0.2174
"Normal","tukey.iqr","HM",1.06,0.16
"Normal","tukey.iqr","H",1.778,0.0484
"Normal","tukey.iqr","R",1.807,0.3585
"Normal","mad.beta","L",4.91,0.0559
"Normal","mad.beta","LM",3.966,0.1555
"Normal","mad.beta","M",0.886,0.232
"Normal","mad.beta","HM",1.001,0.1734
"Normal","mad.beta","H",1.752,0.0477
"Normal","mad.beta","R",1.77,0.3734
"Normal","mad.mvalue","L",4.297,0.0578
"Normal","mad.mvalue","LM",3.308,0.1626
"Normal","mad.mvalue","M",1.756,0.2066
"Normal","mad.mvalue","HM",1.735,0.1648
"Normal","mad.mvalue","H",1.333,0.0491
"Normal","mad.mvalue","R",3.418,0.3493
"Normal","beta.fit","L",3.471,0.0657
"Normal","beta.fit","LM",2.972,0.1818
"Normal","beta.fit","M",2.615,0.1915
"Normal","beta.fit","HM",2.271,0.1524
"Normal","beta.fit","H",1.994,0.0534
"Normal","beta.fit","R",3.492,0.3536
"Normal","loo.quantile","L",3.774,0.0161
"Normal","loo.quantile","LM",3.774,0.1314
"Normal","loo.quantile","M",3.776,0.1451
"Normal","loo.quantile","HM",3.774,0.117
"Normal","loo.quantile","H",3.774,0.0405
"Normal","loo.quantile","R",3.774,0.2801
"Tumor","ext.percentile","L",4.081,0.0257
"Tumor","ext.percentile","LM",9.296,0.1336
"Tumor","ext.percentile","M",16.444,0.1358
"Tumor","ext.percentile","HM",11.004,0.0867
"Tumor","ext.percentile","H",4.601,0.0308
"Tumor","ext.percentile","R",18.957,0.2136
"Tumor","ext.floor.0.10","L",0.518,0.1143
"Tumor","ext.floor.0.10","LM",5.845,0.197
"Tumor","ext.floor.0.10","M",11.288,0.1687
"Tumor","ext.floor.0.10","HM",4.776,0.1798
"Tumor","ext.floor.0.10","H",0.122,0.1154
"Tumor","ext.floor.0.10","R",15.63,0.2491
"Tumor","tukey.iqr","L",12.217,0.0207
"Tumor","tukey.iqr","LM",12.187,0.1207
"Tumor","tukey.iqr","M",8.887,0.1968
"Tumor","tukey.iqr","HM",10.775,0.1354
"Tumor","tukey.iqr","H",10.663,0.0363
"Tumor","tukey.iqr","R",9.186,0.3163
"Tumor","mad.beta","L",11.565,0.0225
"Tumor","mad.beta","LM",13.21,0.1183
"Tumor","mad.beta","M",6.755,0.2081
"Tumor","mad.beta","HM",10.519,0.1407
"Tumor","mad.beta","H",9.634,0.0372
"Tumor","mad.beta","R",9.982,0.3186
"Tumor","mad.mvalue","L",11.602,0.0198
"Tumor","mad.mvalue","LM",11.704,0.1166
"Tumor","mad.mvalue","M",9.405,0.1984
"Tumor","mad.mvalue","HM",10.498,0.1283
"Tumor","mad.mvalue","H",9.846,0.0348
"Tumor","mad.mvalue","R",10.28,0.3058
"Tumor","beta.fit","L",10.404,0.0191
"Tumor","beta.fit","LM",8.636,0.1602
"Tumor","beta.fit","M",14.734,0.1861
"Tumor","beta.fit","HM",10.665,0.1448
"Tumor","beta.fit","H",11.91,0.0365
"Tumor","beta.fit","R",11.372,0.3127
"Tumor","loo.quantile","L",10.803,0.0138
"Tumor","loo.quantile","LM",10.695,0.1032
"Tumor","loo.quantile","M",10.745,0.1929
"Tumor","loo.quantile","HM",10.752,0.1121
"Tumor","loo.quantile","H",10.806,0.0324
"Tumor","loo.quantile","R",10.797,0.2797
