scenario,truth,dcor_beta,dcor_levels,linear_kappa,ordinal_similarity,pearson_beta,pearson_levels,quadratic_kappa,spearman_beta,spearman_levels,unbiased_dcov2_levels,xi_levels_mean
independent_bin_boundary,independent_null,0.045,0.0125,0.0075,0.0075,0.0675,0.0125,0.0075,0.065,0.0125,0.0125,0.0125
independent_continuous,independent_null,0.05,0.0575,0.035,0.035,0.0575,0.0625,0.055,0.0525,0.0625,0.0575,0.04
independent_sparse,independent_null,0.01,0.01,0.01,0.01,0.01,0.01,0.01,0.01,0.01,0.005,0.01
inverse_linear,dependent,1,1,0,0,1,1,0,1,1,1,1
nonlinear_u,dependent,0.7475,0.7325,0.0075,0.0075,0.125,0.1325,0.0825,0.135,0.14,0.605,0.9875
offset_linear,dependent,1,0.9525,0,0,1,0.9675,0.985,1,0.9675,0.9225,0.9525
positive_linear,dependent,1,1,1,1,1,1,1,1,1,1,1
shared_patient_factor,dependent_common_cause,1,1,1,1,1,1,1,1,1,1,1
within_low_bin,dependent,1,0,0,0,1,0,0,1,0,0,0
