subset,family,ell,mean_w,error,gain,gain_legacy,fold
all,Codex F,0,0,0.0332551544302929,0.0428182685201039,0.0428182685201039,6
all,F no distance,0,0,0.0332551544302929,0.0428182685201039,0.0428182685201039,6
all,F+,0,0,0.033255630811238,0.0428183636755655,0.0428183636755655,6
all,F guarded,0,0,0.0774165598446154,0.0566876433838264,0.0566876433838264,6
all,New C,0,0,0.0497171747135188,0.0452752234596308,0.0452752234596308,6
all,New C with dCor,0,0,0.0179866425890117,0.030588487895133,0.030588487895133,6
all,F+ depth-weighted,0,0,0.0332950786871053,0.0428730607785829,0.0428730607785829,6
first,Codex F,0,0,0.0326859437469248,0.0432124667192434,0.0432124667192434,6
first,F no distance,0,0,0.0326859437469248,0.0432124667192434,0.0432124667192434,6
first,F+,0,0,0.0326855651272513,0.0432124954001742,0.0432124954001742,6
first,F guarded,0,0,0.0770017920886732,0.0573169702953794,0.0573169702953794,6
first,New C,0,0,0.0476458311304153,0.0450322261606923,0.0450322261606923,6
first,New C with dCor,0,0,0.0167558351605041,0.0299623528604786,0.0299623528604786,6
first,F+ depth-weighted,0,0,0.0327277683936994,0.0432499001416168,0.0432499001416168,6
second,Codex F,0,0,0.0338580779739374,0.0424306649993867,0.0424306649993867,6
second,F no distance,0,0,0.0338580779739374,0.0424306649993867,0.0424306649993867,6
second,F+,0,0,0.0338582644758816,0.0424310707746423,0.0424310707746423,6
second,F guarded,0,0,0.0776582305340216,0.0560872868600522,0.0560872868600522,6
second,New C,0,0,0.0518441289880474,0.0454896670771232,0.0454896670771232,6
second,New C with dCor,0,0,0.0192896580701765,0.0312271329172803,0.0312271329172803,6
second,F+ depth-weighted,0,0,0.0338745778286213,0.0424738624483809,0.0424738624483809,6
all,Codex F,3,0.117470632330429,0.0281452051210118,0.0388489047285967,0.0388489047285967,6
all,F no distance,3,0.117470632330429,0.0322900172085698,0.0423905890454568,0.0423905890454568,6
all,F+,3,0.117470632330429,0.0281448390810361,0.0388491676103637,0.0388491676103637,6
all,F guarded,3,0.117470632330429,0.0345074308612594,0.0391772718372753,0.0391772718372753,6
all,New C,3,0.117470632330429,0.0437719367124853,0.0430685006857867,0.0430685006857867,6
all,New C with dCor,3,0.117470632330429,0.0155364162066063,0.02781968560071,0.02781968560071,6
all,F+ depth-weighted,3,0.117470632330429,0.0281822513333748,0.0389228698436532,0.0389228698436532,6
first,Codex F,3,0.117470632330429,0.0276986963199359,0.0392435633816484,0.0392435633816484,6
first,F no distance,3,0.117470632330429,0.0317287671137853,0.042772661813385,0.042772661813385,6
first,F+,3,0.117470632330429,0.0276985829717877,0.0392436449541532,0.0392436449541532,6
first,F guarded,3,0.117470632330429,0.0342625398191421,0.0397461253190212,0.0397461253190212,6
first,New C,3,0.117470632330429,0.0419714927253888,0.0428369704961937,0.0428369704961937,6
first,New C with dCor,3,0.117470632330429,0.0145838881103773,0.027353764930117,0.027353764930117,6
first,F+ depth-weighted,3,0.117470632330429,0.0277620117158389,0.0393150571516258,0.0393150571516258,6
second,Codex F,3,0.117470632330429,0.0285912989453925,0.0384643642427833,0.0384643642427833,6
second,F no distance,3,0.117470632330429,0.0328629014543361,0.041998880488032,0.041998880488032,6
second,F+,3,0.117470632330429,0.028591269471227,0.0384655864475755,0.0384655864475755,6
second,F guarded,3,0.117470632330429,0.0347632409551196,0.0386118141277295,0.0386118141277295,6
second,New C,3,0.117470632330429,0.0454963087900094,0.0431861958552013,0.0431861958552013,6
second,New C with dCor,3,0.117470632330429,0.0165199133513027,0.0283108694694607,0.0283108694694607,6
second,F+ depth-weighted,3,0.117470632330429,0.0286398239667578,0.0385552333557897,0.0385552333557897,6
all,Codex F,5,0.206174662261047,0.0248983622321095,0.0352704064321352,0.0352704064321352,6
all,F no distance,5,0.206174662261047,0.0314380921640579,0.0419625467945182,0.0419625467945182,6
all,F+,5,0.206174662261047,0.0248984176822507,0.0352725113345364,0.0352725113345364,6
all,F guarded,5,0.206174662261047,0.0245690470273587,0.0287437583870367,0.0287437583870367,6
all,New C,5,0.206174662261047,0.0332716613338386,0.0361227899211326,0.0361227899211326,6
all,New C with dCor,5,0.206174662261047,0.0140080351594366,0.0254839006427499,0.0254839006427499,6
all,F+ depth-weighted,5,0.206174662261047,0.0249686110191599,0.0353859609995804,0.0353859609995804,6
first,Codex F,5,0.206174662261047,0.0245570404593299,0.0356360426063255,0.0356360426063255,6
first,F no distance,5,0.206174662261047,0.0308820948800619,0.0423658022945324,0.0423658022945324,6
first,F+,5,0.206174662261047,0.0245578029253991,0.035638774111415,0.035638774111415,6
first,F guarded,5,0.206174662261047,0.0241857380249686,0.0291701385980507,0.0291701385980507,6
first,New C,5,0.206174662261047,0.0331760698566076,0.0366437593401308,0.0366437593401308,6
first,New C with dCor,5,0.206174662261047,0.0132463178864759,0.0251046918394049,0.0251046918394049,6
first,F+ depth-weighted,5,0.206174662261047,0.0246040385232813,0.0357518600071274,0.0357518600071274,6
second,Codex F,5,0.206174662261047,0.0252540899325983,0.0348995257733856,0.0348995257733856,6
second,F no distance,5,0.206174662261047,0.0319894963260039,0.0415747418475518,0.0415747418475518,6
second,F+,5,0.206174662261047,0.0252546195647435,0.0349018903512154,0.0349018903512154,6
second,F guarded,5,0.206174662261047,0.0249603703714833,0.0282984616321422,0.0282984616321422,6
second,New C,5,0.206174662261047,0.0334105382488659,0.0356312818622723,0.0356312818622723,6
second,New C with dCor,5,0.206174662261047,0.0148731170237893,0.0258897868030849,0.0258897868030849,6
second,F+ depth-weighted,5,0.206174662261047,0.0253220997920887,0.035004224109694,0.035004224109694,6
all,Codex F,10,0.360961882464157,0.020258340782092,0.0295708244601578,0.0295708244601578,6
all,F no distance,10,0.360961882464157,0.0296220380278408,0.0410111336001249,0.0410111336001249,6
all,F+,10,0.360961882464157,0.0202586853007514,0.0295773101773793,0.0295773101773793,6
all,F guarded,10,0.360961882464157,0.0219483086531284,0.0221001836492535,0.0221001836492535,6
all,New C,10,0.360961882464157,0.0179612761375509,0.0223809939753121,0.0223809939753121,6
all,New C with dCor,10,0.360961882464157,0.0118622747184246,0.022129048668254,0.022129048668254,6
all,F+ depth-weighted,10,0.360961882464157,0.0203691925505184,0.0297565666845627,0.0297565666845627,6
first,Codex F,10,0.360961882464157,0.020007041679802,0.0300400227018463,0.0300400227018463,6
first,F no distance,10,0.360961882464157,0.0291015043117384,0.0413890018947222,0.0413890018947222,6
first,F+,10,0.360961882464157,0.0200072851913845,0.0300434796794238,0.0300434796794238,6
first,F guarded,10,0.360961882464157,0.0213283229199464,0.0221909872933703,0.0221909872933703,6
first,New C,10,0.360961882464157,0.0176727423824527,0.0226239226634253,0.0226239226634253,6
first,New C with dCor,10,0.360961882464157,0.0111190616480307,0.0217514421363127,0.0217514421363127,6
first,F+ depth-weighted,10,0.360961882464157,0.0200933694340447,0.0301956698713433,0.0301956698713433,6
second,Codex F,10,0.360961882464157,0.0205210614380193,0.0291277801428291,0.0291277801428291,6
second,F no distance,10,0.360961882464157,0.0301617491540131,0.0406446706318329,0.0406446706318329,6
second,F+,10,0.360961882464157,0.0205199002984314,0.0291321569279569,0.0291321569279569,6
second,F guarded,10,0.360961882464157,0.0225821961701388,0.0220307902640661,0.0220307902640661,6
second,New C,10,0.360961882464157,0.0182861813338323,0.0221532230137584,0.0221532230137584,6
second,New C with dCor,10,0.360961882464157,0.0126109993504605,0.0224733834518843,0.0224733834518843,6
second,F+ depth-weighted,10,0.360961882464157,0.0205931391728101,0.029268939725293,0.029268939725293,6
all,Codex F,20,0.532284387119722,0.0120505323391756,0.0204791329474694,0.0204791329474694,6
all,F no distance,20,0.532284387119722,0.0268282071894014,0.0392408125575138,0.0392408125575138,6
all,F+,20,0.532284387119722,0.0120499232686763,0.0204791084874594,0.0204791084874594,6
all,F guarded,20,0.532284387119722,0.0168991807110116,0.0175995886178984,0.0175995886178984,6
all,New C,20,0.532284387119722,0.0125827259456891,0.0173605863504292,0.0173605863504292,6
all,New C with dCor,20,0.532284387119722,0.00946515266698295,0.0187743489498706,0.0187743489498706,6
all,F+ depth-weighted,20,0.532284387119722,0.0123332008490789,0.0208923289784238,0.0208923289784238,6
first,Codex F,20,0.532284387119722,0.0120730345173048,0.0210524359835512,0.0210524359835512,6
first,F no distance,20,0.532284387119722,0.026359398844064,0.0396359291607993,0.0396359291607993,6
first,F+,20,0.532284387119722,0.0120719053380402,0.0210524356955805,0.0210524356955805,6
first,F guarded,20,0.532284387119722,0.0168524782130795,0.0179530447707028,0.0179530447707028,6
first,New C,20,0.532284387119722,0.011844128469391,0.0171079881223671,0.0171079881223671,6
first,New C with dCor,20,0.532284387119722,0.00887698545720939,0.0184898368977722,0.0184898368977722,6
first,F+ depth-weighted,20,0.532284387119722,0.0123894820402879,0.0214741920583033,0.0214741920583033,6
second,Codex F,20,0.532284387119722,0.012037763547604,0.0199258052765653,0.0199258052765653,6
second,F no distance,20,0.532284387119722,0.0273040551124956,0.0388648923874229,0.0388648923874229,6
second,F+,20,0.532284387119722,0.012037788548724,0.0199257544127465,0.0199257544127465,6
second,F guarded,20,0.532284387119722,0.0168957175944893,0.0171876328042248,0.0171876328042248,6
second,New C,20,0.532284387119722,0.0134031433514243,0.0176452687844927,0.0176452687844927,6
second,New C with dCor,20,0.532284387119722,0.010095087474125,0.0190464919628119,0.0190464919628119,6
second,F+ depth-weighted,20,0.532284387119722,0.0122862017933805,0.0203065948138417,0.0203065948138417,6
all,Codex F,30,0.628076765873137,0.00874472812438904,0.0157527978147102,0.0157527978147102,6
all,F no distance,30,0.628076765873137,0.0246901412158809,0.0375848974885088,0.0375848974885088,6
all,F+,30,0.628076765873137,0.00874461509450898,0.015752877353023,0.015752877353023,6
all,F guarded,30,0.628076765873137,0.0114116688864152,0.0133413114050734,0.0133413114050734,6
all,New C,30,0.628076765873137,0.0109172698715438,0.0159956751844057,0.0159956751844057,6
all,New C with dCor,30,0.628076765873137,0.00778113898840466,0.0163568040334675,0.0163568040334675,6
all,F+ depth-weighted,30,0.628076765873137,0.00892991510849964,0.0161088044382292,0.0161088044382292,6
first,Codex F,30,0.628076765873137,0.00868354532766477,0.0161615947762337,0.0161615947762337,6
first,F no distance,30,0.628076765873137,0.024275267218246,0.0380075011417013,0.0380075011417013,6
first,F+,30,0.628076765873137,0.00868350254973463,0.0161617634685009,0.0161617634685009,6
first,F guarded,30,0.628076765873137,0.0113811709383983,0.0136706162405604,0.0136706162405604,6
first,New C,30,0.628076765873137,0.0101153099779872,0.0155674849571703,0.0155674849571703,6
first,New C with dCor,30,0.628076765873137,0.00749390405011274,0.0164628596056624,0.0164628596056624,6
first,F+ depth-weighted,30,0.628076765873137,0.00888848747341733,0.0165659655692942,0.0165659655692942,6
second,Codex F,30,0.628076765873137,0.00884593734677472,0.0153861761450233,0.0153861761450233,6
second,F no distance,30,0.628076765873137,0.0250968748175111,0.0371755228503373,0.0371755228503373,6
second,F+,30,0.628076765873137,0.0088457979555037,0.0153861299491086,0.0153861299491086,6
second,F guarded,30,0.628076765873137,0.0114569034183391,0.0130314035798359,0.0130314035798359,6
second,New C,30,0.628076765873137,0.0112382213643766,0.015989470552419,0.015989470552419,6
second,New C with dCor,30,0.628076765873137,0.00789556910078676,0.016032931498211,0.016032931498211,6
second,F+ depth-weighted,30,0.628076765873137,0.00900999742507785,0.0156814859882303,0.0156814859882303,6
all,Codex F,50,0.734295787355217,0.00667862838836312,0.0116548245704994,0.0116548245704994,6
all,F no distance,50,0.734295787355217,0.0213637638505302,0.0345966883944065,0.0345966883944065,6
all,F+,50,0.734295787355217,0.00667935639676824,0.0116552878020346,0.0116552878020346,6
all,F guarded,50,0.734295787355217,0.00719452107244463,0.00919323221916332,0.00919323221916332,6
all,New C,50,0.734295787355217,0.00637630762735972,0.0112419561154978,0.0112419561154978,6
all,New C with dCor,50,0.734295787355217,0.00488472818597382,0.0114261158239045,0.0114261158239045,6
all,F+ depth-weighted,50,0.734295787355217,0.00677446341936972,0.0119521534517713,0.0119521534517713,6
first,Codex F,50,0.734295787355217,0.00653705261026713,0.0119048231759125,0.0119048231759125,6
first,F no distance,50,0.734295787355217,0.0210063334409916,0.0349644603804828,0.0349644603804828,6
first,F+,50,0.734295787355217,0.00653709053502602,0.0119060395591633,0.0119060395591633,6
first,F guarded,50,0.734295787355217,0.00699109705926404,0.00935435683488421,0.00935435683488421,6
first,New C,50,0.734295787355217,0.0060780312289951,0.0110899813053421,0.0110899813053421,6
first,New C with dCor,50,0.734295787355217,0.00468666707145086,0.011495229127987,0.011495229127987,6
first,F+ depth-weighted,50,0.734295787355217,0.00662659593876109,0.0121965043171455,0.0121965043171455,6
second,Codex F,50,0.734295787355217,0.00683933393913361,0.0114360607995185,0.0114360607995185,6
second,F no distance,50,0.734295787355217,0.0216799251578883,0.0342000796880243,0.0342000796880243,6
second,F+,50,0.734295787355217,0.00684037917867059,0.0114375431906139,0.0114375431906139,6
second,F guarded,50,0.734295787355217,0.00742048094708602,0.00907660493684943,0.00907660493684943,6
second,New C,50,0.734295787355217,0.00669758791085061,0.011337867478647,0.011337867478647,6
second,New C with dCor,50,0.734295787355217,0.00510109807347773,0.0113659320184976,0.0113659320184976,6
second,F+ depth-weighted,50,0.734295787355217,0.0069275466045786,0.0117236568401186,0.0117236568401186,6
all,Codex F,75,0.803427651095867,0.00566393688780414,0.00916868200134729,0.00916868200134729,6
all,F no distance,75,0.803427651095867,0.0182550077229051,0.0311719338380137,0.0311719338380137,6
all,F+,75,0.803427651095867,0.00566374763182838,0.0091687117294221,0.0091687117294221,6
all,F guarded,75,0.803427651095867,0.00611393480519027,0.0072059359133086,0.0072059359133086,6
all,New C,75,0.803427651095867,0.00438559664826618,0.00824567202278269,0.00824567202278269,6
all,New C with dCor,75,0.803427651095867,0.00364749590525294,0.00857864022634024,0.00857864022634024,6
all,F+ depth-weighted,75,0.803427651095867,0.00573794396580269,0.00945444104214445,0.00945444104214445,6
first,Codex F,75,0.803427651095867,0.0055170324640828,0.00932767464069502,0.00932767464069502,6
first,F no distance,75,0.803427651095867,0.0179710115852028,0.0315693801888174,0.0315693801888174,6
first,F+,75,0.803427651095867,0.00551709488821455,0.00932802606371298,0.00932802606371298,6
first,F guarded,75,0.803427651095867,0.00583664912611761,0.0072660182191823,0.0072660182191823,6
first,New C,75,0.803427651095867,0.00412294727569899,0.00805641694720659,0.00805641694720659,6
first,New C with dCor,75,0.803427651095867,0.00348808206616517,0.00862469964448009,0.00862469964448009,6
first,F+ depth-weighted,75,0.803427651095867,0.00560178411035636,0.00960223950841007,0.00960223950841007,6
second,Codex F,75,0.803427651095867,0.0058033630296048,0.00901394957570239,0.00901394957570239,6
second,F no distance,75,0.803427651095867,0.0185544026124062,0.0308022878239124,0.0308022878239124,6
second,F+,75,0.803427651095867,0.00580334548658778,0.00901577186355177,0.00901577186355177,6
second,F guarded,75,0.803427651095867,0.00640376445593853,0.00718993256428404,0.00718993256428404,6
second,New C,75,0.803427651095867,0.00471882418242771,0.00847489927127773,0.00847489927127773,6
second,New C with dCor,75,0.803427651095867,0.00383148526591167,0.00860300804453723,0.00860300804453723,6
second,F+ depth-weighted,75,0.803427651095867,0.00587702791891335,0.00927725471319389,0.00927725471319389,6
all,Codex F,100,0.843794398070452,0.00458662797077096,0.00705346118667426,0.00705346118667426,6
all,F no distance,100,0.843794398070452,0.0158243800995968,0.0281574029127377,0.0281574029127377,6
all,F+,100,0.843794398070452,0.00458668681498379,0.0070534934479883,0.0070534934479883,6
all,F guarded,100,0.843794398070452,0.00492694934119637,0.00550414594316918,0.00550414594316918,6
all,New C,100,0.843794398070452,0.00352357879795363,0.00666019173887671,0.00666019173887671,6
all,New C with dCor,100,0.843794398070452,0.00313817557211073,0.00710408014379211,0.00710408014379211,6
all,F+ depth-weighted,100,0.843794398070452,0.00470164709184309,0.00737709252572721,0.00737709252572721,6
first,Codex F,100,0.843794398070452,0.00458920145243316,0.00738093299118648,0.00738093299118648,6
first,F no distance,100,0.843794398070452,0.0155745162040656,0.0285242902185346,0.0285242902185346,6
first,F+,100,0.843794398070452,0.00458891412126413,0.00738095523647002,0.00738095523647002,6
first,F guarded,100,0.843794398070452,0.00494951673706646,0.00573249639282836,0.00573249639282836,6
first,New C,100,0.843794398070452,0.00331715045056701,0.00650066883455092,0.00650066883455092,6
first,New C with dCor,100,0.843794398070452,0.00299706002200987,0.0070633445965255,0.0070633445965255,6
first,F+ depth-weighted,100,0.843794398070452,0.00476719591946959,0.0078358493288695,0.0078358493288695,6
second,Codex F,100,0.843794398070452,0.00465892137969706,0.00682758067490775,0.00682758067490775,6
second,F no distance,100,0.843794398070452,0.0161234802377073,0.0277937246888529,0.0277937246888529,6
second,F+,100,0.843794398070452,0.0046587457843632,0.00682764705784831,0.00682764705784831,6
second,F guarded,100,0.843794398070452,0.00506667621939356,0.00545276870000168,0.00545276870000168,6
second,New C,100,0.843794398070452,0.00374074335265936,0.00679941360498845,0.00679941360498845,6
second,New C with dCor,100,0.843794398070452,0.003307465230255,0.00715322034494169,0.00715322034494169,6
second,F+ depth-weighted,100,0.843794398070452,0.00478462812127131,0.00712396456564986,0.00712396456564986,6
all,Codex F,150,0.889138146764167,0.00358675556550138,0.00494454183487365,0.00494454183487365,6
all,F no distance,150,0.889138146764167,0.0126530178816455,0.0234808446625892,0.0234808446625892,6
all,F+,150,0.889138146764167,0.00358678404886868,0.00494460843873017,0.00494460843873017,6
all,F guarded,150,0.889138146764167,0.00371001632651441,0.00353707306260161,0.00353707306260161,6
all,New C,150,0.889138146764167,0.00266057952748073,0.0045307938510932,0.0045307938510932,6
all,New C with dCor,150,0.889138146764167,0.00257803617293282,0.00524148798245081,0.00524148798245081,6
all,F+ depth-weighted,150,0.889138146764167,0.00364462118265124,0.00513795879919934,0.00513795879919934,6
first,Codex F,150,0.889138146764167,0.00355579159175135,0.00513381340007028,0.00513381340007028,6
first,F no distance,150,0.889138146764167,0.0124648551207594,0.0237882660444129,0.0237882660444129,6
first,F+,150,0.889138146764167,0.00355579159175135,0.00513381340007028,0.00513381340007028,6
first,F guarded,150,0.889138146764167,0.00368716206272428,0.00365891698747716,0.00365891698747716,6
first,New C,150,0.889138146764167,0.00257888326226544,0.0045100274256881,0.0045100274256881,6
first,New C with dCor,150,0.889138146764167,0.0025365966060365,0.00540389991242783,0.00540389991242783,6
first,F+ depth-weighted,150,0.889138146764167,0.00362135955503217,0.00533843233018169,0.00533843233018169,6
second,Codex F,150,0.889138146764167,0.00361684490378777,0.00474164871870636,0.00474164871870636,6
second,F no distance,150,0.889138146764167,0.0128304882593923,0.0231911111306247,0.0231911111306247,6
second,F+,150,0.889138146764167,0.00361715565102766,0.00474154090427182,0.00474154090427182,6
second,F guarded,150,0.889138146764167,0.00375302743530549,0.00342488101500564,0.00342488101500564,6
second,New C,150,0.889138146764167,0.00277504903754421,0.0045909915867093,0.0045909915867093,6
second,New C with dCor,150,0.889138146764167,0.00263350837937641,0.00509539821609466,0.00509539821609466,6
second,F+ depth-weighted,150,0.889138146764167,0.00368395337607886,0.00495506956692634,0.00495506956692634,6
all,Codex F,200,0.914033950690219,0.00317495626052518,0.00407340642254531,0.00407340642254531,6
all,F no distance,200,0.914033950690219,0.0106585124390584,0.0200406292975708,0.0200406292975708,6
all,F+,200,0.914033950690219,0.00317512653087421,0.00407339898861063,0.00407339898861063,6
all,F guarded,200,0.914033950690219,0.00325003975962328,0.00277775198691845,0.00277775198691845,6
all,New C,200,0.914033950690219,0.00235919065119986,0.00361997627174162,0.00361997627174162,6
all,New C with dCor,200,0.914033950690219,0.00234149628498671,0.00430600469081302,0.00430600469081302,6
all,F+ depth-weighted,200,0.914033950690219,0.00319324346563736,0.00420913378275701,0.00420913378275701,6
first,Codex F,200,0.914033950690219,0.00311755671136654,0.00421083687847957,0.00421083687847957,6
first,F no distance,200,0.914033950690219,0.0104920056959564,0.0203701324299846,0.0203701324299846,6
first,F+,200,0.914033950690219,0.00311755671136654,0.00421083687847957,0.00421083687847957,6
first,F guarded,200,0.914033950690219,0.00319891043880291,0.00282564964681631,0.00282564964681631,6
first,New C,200,0.914033950690219,0.00228160111547526,0.00356542292354042,0.00356542292354042,6
first,New C with dCor,200,0.914033950690219,0.00228868756170133,0.00439261975805455,0.00439261975805455,6
first,F+ depth-weighted,200,0.914033950690219,0.00313100449014462,0.00433029282164231,0.00433029282164231,6
second,Codex F,200,0.914033950690219,0.00323478370716637,0.00394535864576881,0.00394535864576881,6
second,F no distance,200,0.914033950690219,0.0108041751682088,0.0196925988556165,0.0196925988556165,6
second,F+,200,0.914033950690219,0.00323478370716637,0.00394535864576881,0.00394535864576881,6
second,F guarded,200,0.914033950690219,0.00331785442107857,0.00273341760552262,0.00273341760552262,6
second,New C,200,0.914033950690219,0.00244551391453797,0.00367963546210584,0.00367963546210584,6
second,New C with dCor,200,0.914033950690219,0.00242417717218743,0.00426498802603955,0.00426498802603955,6
second,F+ depth-weighted,200,0.914033950690219,0.00326223586313498,0.00407701887713865,0.00407701887713865,6
all,Codex F,300,0.940653533303244,0.0028071422992545,0.00337790196907811,0.00337790196907811,6
all,F no distance,300,0.940653533303244,0.00831101970584557,0.0152590017359483,0.0152590017359483,6
all,F+,300,0.940653533303244,0.0028071422992545,0.00337790196907811,0.00337790196907811,6
all,F guarded,300,0.940653533303244,0.00278658132102771,0.00213156989576277,0.00213156989576277,6
all,New C,300,0.940653533303244,0.00210475783245621,0.00273942255229155,0.00273942255229155,6
all,New C with dCor,300,0.940653533303244,0.00216905257600128,0.00354329878580368,0.00354329878580368,6
all,F+ depth-weighted,300,0.940653533303244,0.0028396876662038,0.00347344862793432,0.00347344862793432,6
first,Codex F,300,0.940653533303244,0.00277953302237693,0.00350127999178252,0.00350127999178252,6
first,F no distance,300,0.940653533303244,0.00816455653335796,0.0155969240012127,0.0155969240012127,6
first,F+,300,0.940653533303244,0.00277953302237693,0.00350127999178252,0.00350127999178252,6
first,F guarded,300,0.940653533303244,0.00280934022483523,0.00223472913101865,0.00223472913101865,6
first,New C,300,0.940653533303244,0.00206281920192011,0.0027955590746001,0.0027955590746001,6
first,New C with dCor,300,0.940653533303244,0.00212245182037237,0.00364531580928622,0.00364531580928622,6
first,F+ depth-weighted,300,0.940653533303244,0.00278308515153911,0.00358475473919595,0.00358475473919595,6
second,Codex F,300,0.940653533303244,0.0027890585609139,0.00319446897467244,0.00319446897467244,6
second,F no distance,300,0.940653533303244,0.00845213262056335,0.0149065909473864,0.0149065909473864,6
second,F+,300,0.940653533303244,0.0027890585609139,0.00319446897467244,0.00319446897467244,6
second,F guarded,300,0.940653533303244,0.00284068494677861,0.00207529723017805,0.00207529723017805,6
second,New C,300,0.940653533303244,0.00214853023298776,0.00269989218921197,0.00269989218921197,6
second,New C with dCor,300,0.940653533303244,0.00220396956893162,0.00338962673828543,0.00338962673828543,6
second,F+ depth-weighted,300,0.940653533303244,0.00283527013255384,0.00329347987689984,0.00329347987689984,6
all,Codex F,500,0.963338789913237,0.00243428019518578,0.0027602465262977,0.0027602465262977,6
all,F no distance,500,0.963338789913237,0.00616664021469921,0.0102967002116021,0.0102967002116021,6
all,F+,500,0.963338789913237,0.00243428019518578,0.0027602465262977,0.0027602465262977,6
all,F guarded,500,0.963338789913237,0.00242868703328762,0.00175194811333896,0.00175194811333896,6
all,New C,500,0.963338789913237,0.00195477219223309,0.00216898732061293,0.00216898732061293,6
all,New C with dCor,500,0.963338789913237,0.00201403745020798,0.00283490422390374,0.00283490422390374,6
all,F+ depth-weighted,500,0.963338789913237,0.00243279656775898,0.00281583697352784,0.00281583697352784,6
first,Codex F,500,0.963338789913237,0.00240168022816335,0.0028058291862732,0.0028058291862732,6
first,F no distance,500,0.963338789913237,0.00610094315359527,0.0106427253719463,0.0106427253719463,6
first,F+,500,0.963338789913237,0.00240168022816335,0.0028058291862732,0.0028058291862732,6
first,F guarded,500,0.963338789913237,0.00239250834450216,0.00176340112914854,0.00176340112914854,6
first,New C,500,0.963338789913237,0.00192009336177561,0.00223910799133268,0.00223910799133268,6
first,New C with dCor,500,0.963338789913237,0.00197357419499362,0.00291250539174738,0.00291250539174738,6
first,F+ depth-weighted,500,0.963338789913237,0.00240217044074872,0.00287552686056049,0.00287552686056049,6
second,Codex F,500,0.963338789913237,0.00246711013848647,0.00270264435469035,0.00270264435469035,6
second,F no distance,500,0.963338789913237,0.00624654062931223,0.00998283872131293,0.00998283872131293,6
second,F+,500,0.963338789913237,0.00246711013848647,0.00270264435469035,0.00270264435469035,6
second,F guarded,500,0.963338789913237,0.00246139907642953,0.00173374235426218,0.00173374235426218,6
second,New C,500,0.963338789913237,0.00198384209242826,0.002106272720694,0.002106272720694,6
second,New C with dCor,500,0.963338789913237,0.00205760964189864,0.00274039135173537,0.00274039135173537,6
second,F+ depth-weighted,500,0.963338789913237,0.00246151948059737,0.00274946103344742,0.00274946103344742,6
all,Codex F,1000,0.981249623042887,0.00214726447281838,0.00228940069867356,0.00228940069867356,6
all,F no distance,1000,0.981249623042887,0.0035603199443668,0.00515435410584383,0.00515435410584383,6
all,F+,1000,0.981249623042887,0.00214726447281838,0.00228940069867356,0.00228940069867356,6
all,F guarded,1000,0.981249623042887,0.00206903328644529,0.00146614810508364,0.00146614810508364,6
all,New C,1000,0.981249623042887,0.00184669815469457,0.00183862636710756,0.00183862636710756,6
all,New C with dCor,1000,0.981249623042887,0.00189762231533441,0.0023079473002192,0.0023079473002192,6
all,F+ depth-weighted,1000,0.981249623042887,0.00214726628455368,0.00233473581226356,0.00233473581226356,6
first,Codex F,1000,0.981249623042887,0.00212111413424971,0.00232091984809095,0.00232091984809095,6
first,F no distance,1000,0.981249623042887,0.00356309561269091,0.00543156451413214,0.00543156451413214,6
first,F+,1000,0.981249623042887,0.00212111413424971,0.00232091984809095,0.00232091984809095,6
first,F guarded,1000,0.981249623042887,0.00207496818601978,0.00147925812950729,0.00147925812950729,6
first,New C,1000,0.981249623042887,0.00181241627338508,0.00186851225735166,0.00186851225735166,6
first,New C with dCor,1000,0.981249623042887,0.00186927620398894,0.00235931601425883,0.00235931601425883,6
first,F+ depth-weighted,1000,0.981249623042887,0.0021200033866903,0.00234873108567203,0.00234873108567203,6
second,Codex F,1000,0.981249623042887,0.00215199016963273,0.00223445838460075,0.00223445838460075,6
second,F no distance,1000,0.981249623042887,0.00355838568661769,0.00487714721858251,0.00487714721858251,6
second,F+,1000,0.981249623042887,0.00215199016963273,0.00223445838460075,0.00223445838460075,6
second,F guarded,1000,0.981249623042887,0.00209216620998467,0.00147395442767282,0.00147395442767282,6
second,New C,1000,0.981249623042887,0.0018819338932738,0.0017902469570748,0.0017902469570748,6
second,New C with dCor,1000,0.981249623042887,0.00193510646813043,0.00224953565879478,0.00224953565879478,6
second,F+ depth-weighted,1000,0.981249623042887,0.0021512969869284,0.00229269280500351,0.00229269280500351,6
all,Codex F,3000,0.99365231199093,0.00189520455852426,0.00171983467673138,0.00171983467673138,6
all,F no distance,3000,0.99365231199093,0.00214127249951433,0.00263116721376769,0.00263116721376769,6
all,F+,3000,0.99365231199093,0.00189520455852426,0.00171983467673138,0.00171983467673138,6
all,F guarded,3000,0.99365231199093,0.00184501483332197,0.00126517849228418,0.00126517849228418,6
all,New C,3000,0.99365231199093,0.00179162963501101,0.00161312501605756,0.00161312501605756,6
all,New C with dCor,3000,0.99365231199093,0.00182346014781697,0.00181926857078542,0.00181926857078542,6
all,F+ depth-weighted,3000,0.99365231199093,0.00187885641106743,0.00174676396300386,0.00174676396300386,6
first,Codex F,3000,0.99365231199093,0.00186599498768322,0.00174346388707936,0.00174346388707936,6
first,F no distance,3000,0.99365231199093,0.0021129815936606,0.00267902184434652,0.00267902184434652,6
first,F+,3000,0.99365231199093,0.00186599498768322,0.00174346388707936,0.00174346388707936,6
first,F guarded,3000,0.99365231199093,0.00182727256121483,0.00126866341493159,0.00126866341493159,6
first,New C,3000,0.99365231199093,0.00177358799966447,0.00162418561944012,0.00162418561944012,6
first,New C with dCor,3000,0.99365231199093,0.00179324151061282,0.00183312495996783,0.00183312495996783,6
first,F+ depth-weighted,3000,0.99365231199093,0.00185527226997639,0.0017589136446493,0.0017589136446493,6
second,Codex F,3000,0.99365231199093,0.0019244083687539,0.00169791665652559,0.00169791665652559,6
second,F no distance,3000,0.99365231199093,0.00216695414210769,0.00258168222045872,0.00258168222045872,6
second,F+,3000,0.99365231199093,0.0019244083687539,0.00169791665652559,0.00169791665652559,6
second,F guarded,3000,0.99365231199093,0.00187385138094541,0.00126965860310561,0.00126965860310561,6
second,New C,3000,0.99365231199093,0.00181301133302283,0.00159566639411436,0.00159566639411436,6
second,New C with dCor,3000,0.99365231199093,0.0018470794348632,0.00178573256225957,0.00178573256225957,6
second,F+ depth-weighted,3000,0.99365231199093,0.00189808334991807,0.00172867771949529,0.00172867771949529,6
all,Codex F,10000,0.998085193188478,0.00177301875170612,0.00129238832493415,0.00129238832493415,6
all,F no distance,10000,0.998085193188478,0.00181877704361563,0.001628585812124,0.001628585812124,6
all,F+,10000,0.998085193188478,0.00177301875170612,0.00129238832493415,0.00129238832493415,6
all,F guarded,10000,0.998085193188478,0.00175071559199769,0.00110428159107609,0.00110428159107609,6
all,New C,10000,0.998085193188478,0.00176692429047976,0.0014462270875638,0.0014462270875638,6
all,New C with dCor,10000,0.998085193188478,0.0017775994383998,0.00153468169128682,0.00153468169128682,6
all,F+ depth-weighted,10000,0.998085193188478,0.00176283392561868,0.00132657022913115,0.00132657022913115,6
first,Codex F,10000,0.998085193188478,0.00175489060538491,0.00131589572883859,0.00131589572883859,6
first,F no distance,10000,0.998085193188478,0.00179874756347586,0.00164784845973667,0.00164784845973667,6
first,F+,10000,0.998085193188478,0.00175489060538491,0.00131589572883859,0.00131589572883859,6
first,F guarded,10000,0.998085193188478,0.00173316606316446,0.0011200615959251,0.0011200615959251,6
first,New C,10000,0.998085193188478,0.00174649556085679,0.00145357448011566,0.00145357448011566,6
first,New C with dCor,10000,0.998085193188478,0.00175673564552219,0.00154363994196231,0.00154363994196231,6
first,F+ depth-weighted,10000,0.998085193188478,0.00175042787761456,0.00134838838218534,0.00134838838218534,6
second,Codex F,10000,0.998085193188478,0.00179710688358551,0.00126832426756685,0.00126832426756685,6
second,F no distance,10000,0.998085193188478,0.00183863052775585,0.00159813133397876,0.00159813133397876,6
second,F+,10000,0.998085193188478,0.00179710688358551,0.00126832426756685,0.00126832426756685,6
second,F guarded,10000,0.998085193188478,0.00177219205941775,0.00109773494806654,0.00109773494806654,6
second,New C,10000,0.998085193188478,0.00178491383289134,0.00143973288921109,0.00143973288921109,6
second,New C with dCor,10000,0.998085193188478,0.00180130075039632,0.0015191085850228,0.0015191085850228,6
second,F+ depth-weighted,10000,0.998085193188478,0.00178078305409168,0.00130554197247409,0.00130554197247409,6
all,Codex F,1e+05,0.999808110645714,0.00173474254403553,0.00100891776514456,0.00100891776514456,6
all,F no distance,1e+05,0.999808110645714,0.00173918482670339,0.00105068912897911,0.00105068912897911,6
all,F+,1e+05,0.999808110645714,0.00173474254403553,0.00100891776514456,0.00100891776514456,6
all,F guarded,1e+05,0.999808110645714,0.00173083089927359,0.000989600917192832,0.000989600917192832,6
all,New C,1e+05,0.999808110645714,0.00176056511829605,0.00134544431351544,0.00134544431351544,6
all,New C with dCor,1e+05,0.999808110645714,0.00176132945478265,0.00135561167801418,0.00135561167801418,6
all,F+ depth-weighted,1e+05,0.999808110645714,0.00171519337220723,0.00101157550719856,0.00101157550719856,6
first,Codex F,1e+05,0.999808110645714,0.00171391056886186,0.00101985906092093,0.00101985906092093,6
first,F no distance,1e+05,0.999808110645714,0.00171842255286236,0.00106480250297017,0.00106480250297017,6
first,F+,1e+05,0.999808110645714,0.00171391056886186,0.00101985906092093,0.00101985906092093,6
first,F guarded,1e+05,0.999808110645714,0.00171199066918602,0.000998082718755972,0.000998082718755972,6
first,New C,1e+05,0.999808110645714,0.00174271323849762,0.0013570082766768,0.0013570082766768,6
first,New C with dCor,1e+05,0.999808110645714,0.00174364545419769,0.00137150387276377,0.00137150387276377,6
first,F+ depth-weighted,1e+05,0.999808110645714,0.00170697361777596,0.00102263861046126,0.00102263861046126,6
second,Codex F,1e+05,0.999808110645714,0.0017513953580683,0.000992919591161844,0.000992919591161844,6
second,F no distance,1e+05,0.999808110645714,0.00176131934736806,0.00103249591748787,0.00103249591748787,6
second,F+,1e+05,0.999808110645714,0.0017513953580683,0.000992919591161844,0.000992919591161844,6
second,F guarded,1e+05,0.999808110645714,0.00174824362095286,0.000973667076743365,0.000973667076743365,6
second,New C,1e+05,0.999808110645714,0.00177751579017569,0.00133365401433469,0.00133365401433469,6
second,New C with dCor,1e+05,0.999808110645714,0.00177825547348301,0.0013445273091716,0.0013445273091716,6
second,F+ depth-weighted,1e+05,0.999808110645714,0.00172808475305427,0.00100817432913575,0.00100817432913575,6
all,Codex F,Inf,1,0.00173101354955807,0.00097306566660529,0.00097306566660529,6
all,F no distance,Inf,1,0.00173101354955807,0.00097306566660529,0.00097306566660529,6
all,F+,Inf,1,0.00173101354955807,0.00097306566660529,0.00097306566660529,6
all,F guarded,Inf,1,0.00173101354955807,0.00097306566660529,0.00097306566660529,6
all,New C,Inf,1,0.0017617320351352,0.0013406772284532,0.0013406772284532,6
all,New C with dCor,Inf,1,0.0017617320351352,0.0013406772284532,0.0013406772284532,6
all,F+ depth-weighted,Inf,1,0.00171232018183393,0.000961519802139144,0.000961519802139144,6
first,Codex F,Inf,1,0.00171194670011852,0.000984472844984115,0.000984472844984115,6
first,F no distance,Inf,1,0.00171194670011852,0.000984472844984115,0.000984472844984115,6
first,F+,Inf,1,0.00171194670011852,0.000984472844984115,0.000984472844984115,6
first,F guarded,Inf,1,0.00171194670011852,0.000984472844984115,0.000984472844984115,6
first,New C,Inf,1,0.00174203423577231,0.00134518957865749,0.00134518957865749,6
first,New C with dCor,Inf,1,0.00174203423577231,0.00134518957865749,0.00134518957865749,6
first,F+ depth-weighted,Inf,1,0.00170272903573045,0.000965145329723376,0.000965145329723376,6
second,Codex F,Inf,1,0.00175133443075587,0.000962568652321825,0.000962568652321825,6
second,F no distance,Inf,1,0.00175133443075587,0.000962568652321825,0.000962568652321825,6
second,F+,Inf,1,0.00175133443075587,0.000962568652321825,0.000962568652321825,6
second,F guarded,Inf,1,0.00175133443075587,0.000962568652321825,0.000962568652321825,6
second,New C,Inf,1,0.00177642540438994,0.0013195510077319,0.0013195510077319,6
second,New C with dCor,Inf,1,0.00177642540438994,0.0013195510077319,0.0013195510077319,6
second,F+ depth-weighted,Inf,1,0.0017215854726085,0.000956714822810397,0.000956714822810397,6
