level,hypothesis,a,b,subset,folds,a_wins,gain_a,gain_b
0.005097,H1,Codex F,F no distance,all,10,0,0.00808,0.00835
0.0104682,H1,Codex F,F no distance,all,10,3,0.01688,0.01785
0.0158394,H1,Codex F,F no distance,all,10,0,0.02288,0.02545
0.0212106,H1,Codex F,F no distance,all,10,0,0.02833,0.03135
0.0265818,H1,Codex F,F no distance,all,10,0,0.0341,0.03598
0.031953,H1,Codex F,F no distance,all,10,0,0.03884,0.03939
0.00503,H1,Codex F,F no distance,first,10,0,0.00819,0.00846
0.01031,H1,Codex F,F no distance,first,10,3,0.01693,0.01794
0.01559,H1,Codex F,F no distance,first,10,0,0.02289,0.02544
0.02087,H1,Codex F,F no distance,first,10,0,0.02831,0.03128
0.02615,H1,Codex F,F no distance,first,10,0,0.03398,0.03586
0.03143,H1,Codex F,F no distance,first,10,0,0.0387,0.03925
0.005174,H1,Codex F,F no distance,second,10,0,0.00796,0.00826
0.0106364,H1,Codex F,F no distance,second,10,3,0.01685,0.01777
0.0160988,H1,Codex F,F no distance,second,10,0,0.02287,0.02548
0.0215612,H1,Codex F,F no distance,second,10,0,0.02835,0.03144
0.0270236,H1,Codex F,F no distance,second,10,0,0.03423,0.03609
0.032486,H1,Codex F,F no distance,second,10,0,0.03897,0.03952
0.005133,H2,New C,Codex F,all,10,7,0.0086,0.00814
0.0104978,H2,New C,Codex F,all,10,0,0.01428,0.01692
0.0158626,H2,New C,Codex F,all,10,0,0.01873,0.0229
0.0212274,H2,New C,Codex F,all,10,0,0.02323,0.02834
0.0265922,H2,New C,Codex F,all,10,0,0.02764,0.03411
0.031957,H2,New C,Codex F,all,10,0,0.03205,0.03884
0.005048,H2,New C,Codex F,first,10,7,0.00856,0.00823
0.0103248,H2,New C,Codex F,first,10,0,0.0142,0.01695
0.0156016,H2,New C,Codex F,first,10,0,0.01868,0.0229
0.0208784,H2,New C,Codex F,first,10,0,0.02312,0.02832
0.0261552,H2,New C,Codex F,first,10,0,0.02747,0.03398
0.031432,H2,New C,Codex F,first,10,0,0.03183,0.0387
0.00521,H2,New C,Codex F,second,10,7,0.00864,0.00803
0.010666,H2,New C,Codex F,second,10,0,0.01436,0.01689
0.016122,H2,New C,Codex F,second,10,0,0.01876,0.02289
0.021578,H2,New C,Codex F,second,10,0,0.02332,0.02837
0.027034,H2,New C,Codex F,second,10,0,0.0278,0.03424
0.03249,H2,New C,Codex F,second,10,0,0.03227,0.03897
0.00362,H3,New C,New C with dCor,all,10,0,0.00626,0.00792
0.006564,H3,New C,New C with dCor,all,10,0,0.01046,0.01325
0.009508,H3,New C,New C with dCor,all,10,0,0.01335,0.01737
0.012452,H3,New C,New C with dCor,all,10,0,0.01595,0.02102
0.015396,H3,New C,New C with dCor,all,10,0,0.01833,0.02489
0.01834,H3,New C,New C with dCor,all,8,0,0.02084,0.02744
0.003464,H3,New C,New C with dCor,first,10,0,0.00611,0.00778
0.0062064,H3,New C,New C with dCor,first,10,0,0.01009,0.01291
0.0089488,H3,New C,New C with dCor,first,10,0,0.01287,0.0169
0.0116912,H3,New C,New C with dCor,first,10,0,0.01541,0.0204
0.0144336,H3,New C,New C with dCor,first,10,0,0.01768,0.02409
0.017176,H3,New C,New C with dCor,first,8,0,0.02002,0.02653
0.00377,H3,New C,New C with dCor,second,10,0,0.0064,0.00804
0.006922,H3,New C,New C with dCor,second,10,0,0.01082,0.0136
0.010074,H3,New C,New C with dCor,second,10,0,0.01382,0.01779
0.013226,H3,New C,New C with dCor,second,10,0,0.01647,0.02158
0.016378,H3,New C,New C with dCor,second,10,0,0.01897,0.02565
0.01953,H3,New C,New C with dCor,second,8,0,0.02164,0.02834
0.005097,H5,F guarded,Codex F,all,10,0,0.00569,0.00808
0.0104682,H5,F guarded,Codex F,all,10,0,0.01153,0.01688
0.0158394,H5,F guarded,Codex F,all,10,0,0.01554,0.02288
0.0212106,H5,F guarded,Codex F,all,10,0,0.0198,0.02833
0.0265818,H5,F guarded,Codex F,all,10,0,0.02826,0.0341
0.031953,H5,F guarded,Codex F,all,10,0,0.03353,0.03884
0.00503,H5,F guarded,Codex F,first,10,0,0.00576,0.00819
0.01031,H5,F guarded,Codex F,first,10,0,0.01155,0.01693
0.01559,H5,F guarded,Codex F,first,10,0,0.0155,0.02289
0.02087,H5,F guarded,Codex F,first,10,0,0.01984,0.02831
0.02615,H5,F guarded,Codex F,first,10,0,0.02827,0.03398
0.03143,H5,F guarded,Codex F,first,10,0,0.03333,0.0387
0.005174,H5,F guarded,Codex F,second,10,0,0.00561,0.00796
0.0106364,H5,F guarded,Codex F,second,10,0,0.01153,0.01685
0.0160988,H5,F guarded,Codex F,second,10,0,0.01559,0.02287
0.0215612,H5,F guarded,Codex F,second,10,0,0.01981,0.02835
0.0270236,H5,F guarded,Codex F,second,10,0,0.02824,0.03423
0.032486,H5,F guarded,Codex F,second,10,0,0.03373,0.03897
0.005097,H7,F+ depth-weighted,F+,all,10,10,0.00816,0.00808
0.0104682,H7,F+ depth-weighted,F+,all,10,6,0.01691,0.01688
0.0158394,H7,F+ depth-weighted,F+,all,10,9,0.02293,0.02288
0.0212106,H7,F+ depth-weighted,F+,all,10,6,0.02835,0.02833
0.0265818,H7,F+ depth-weighted,F+,all,10,5,0.03411,0.0341
0.031953,H7,F+ depth-weighted,F+,all,10,9,0.03885,0.03884
0.00503,H7,F+ depth-weighted,F+,first,10,10,0.00827,0.00819
0.01031,H7,F+ depth-weighted,F+,first,10,7,0.01696,0.01693
0.01559,H7,F+ depth-weighted,F+,first,10,8,0.02293,0.02289
0.02087,H7,F+ depth-weighted,F+,first,10,6,0.02833,0.02831
0.02615,H7,F+ depth-weighted,F+,first,10,5,0.03398,0.03398
0.03143,H7,F+ depth-weighted,F+,first,10,8,0.03871,0.0387
0.005174,H7,F+ depth-weighted,F+,second,10,9,0.00803,0.00796
0.0106364,H7,F+ depth-weighted,F+,second,10,6,0.01686,0.01685
0.0160988,H7,F+ depth-weighted,F+,second,10,9,0.02293,0.02287
0.0215612,H7,F+ depth-weighted,F+,second,10,8,0.02839,0.02835
0.0270236,H7,F+ depth-weighted,F+,second,10,6,0.03425,0.03423
0.032486,H7,F+ depth-weighted,F+,second,10,9,0.039,0.03897
