index	gsm	donor	biosample	experiment	exposure	original_group	tissue	batch	run	read_pairs	bytes_total	r1_url	r2_url	r1_md5	r2_md5
1	GSM5057986	18098D-02-04	SAMN17727338	SRX9996474	First	Discovery	sperm	1	SRR13602218	92110873	14361889100	https://ftp.sra.ebi.ac.uk/vol1/fastq/SRR136/018/SRR13602218/SRR13602218_1.fastq.gz	https://ftp.sra.ebi.ac.uk/vol1/fastq/SRR136/018/SRR13602218/SRR13602218_2.fastq.gz	6ec6bd9fbb70a7f79646a04e80bae5e9	1cc17eef183259c4b3c731f8cf156677
2	GSM5057987	18098D-02-10	SAMN17727337	SRX9996475	First	Discovery	sperm	5	SRR13602219	97886011	14575906355	https://ftp.sra.ebi.ac.uk/vol1/fastq/SRR136/019/SRR13602219/SRR13602219_1.fastq.gz	https://ftp.sra.ebi.ac.uk/vol1/fastq/SRR136/019/SRR13602219/SRR13602219_2.fastq.gz	5a9246340673242cbf2441d5157e5321	27cc773596e8db00f9b03dc0f078d6ce
3	GSM5057988	18098D-02-12	SAMN17727336	SRX9996476	First	Discovery	sperm	1	SRR13602220	101088069	15337645360	https://ftp.sra.ebi.ac.uk/vol1/fastq/SRR136/020/SRR13602220/SRR13602220_1.fastq.gz	https://ftp.sra.ebi.ac.uk/vol1/fastq/SRR136/020/SRR13602220/SRR13602220_2.fastq.gz	516ccaf76b708137d15877c050ed4762	9d88cbef74fb54c7d5ad4abdb20779ba
4	GSM5057989	18098D-02-20	SAMN17727335	SRX9996477	First	Discovery	sperm	13	SRR13602221	88924512	13553937601	https://ftp.sra.ebi.ac.uk/vol1/fastq/SRR136/021/SRR13602221/SRR13602221_1.fastq.gz	https://ftp.sra.ebi.ac.uk/vol1/fastq/SRR136/021/SRR13602221/SRR13602221_2.fastq.gz	a9addddb349a4c37e046ec56e9692e4e	52459a5b88280387384353b1ebaa147c
5	GSM5057990	18098D-02-22	SAMN17727334	SRX9996478	First	Discovery	sperm	6	SRR13602222	85872600	12732762983	https://ftp.sra.ebi.ac.uk/vol1/fastq/SRR136/022/SRR13602222/SRR13602222_1.fastq.gz	https://ftp.sra.ebi.ac.uk/vol1/fastq/SRR136/022/SRR13602222/SRR13602222_2.fastq.gz	b2d446bd0527753d5e718d3662e934bc	9c1a7548a8d6a5e724aae1528e690c97
6	GSM5057991	18098D-02-02	SAMN17727333	SRX9996479	First	Discovery	sperm	14	SRR13602223	97352519	15085339853	https://ftp.sra.ebi.ac.uk/vol1/fastq/SRR136/023/SRR13602223/SRR13602223_1.fastq.gz	https://ftp.sra.ebi.ac.uk/vol1/fastq/SRR136/023/SRR13602223/SRR13602223_2.fastq.gz	07ed7c35985d01461643ec22216f0907	e3bc89f7f82d1028f3c2ef6de178e9c9
7	GSM5057992	18098D-02-24	SAMN17727332	SRX9996480	First	Discovery	sperm	9	SRR13602224	102945536	15338064728	https://ftp.sra.ebi.ac.uk/vol1/fastq/SRR136/024/SRR13602224/SRR13602224_1.fastq.gz	https://ftp.sra.ebi.ac.uk/vol1/fastq/SRR136/024/SRR13602224/SRR13602224_2.fastq.gz	b50ff39414785e2a6f11de993f17ded4	1e29b2403040af5ecac97f19368aea55
8	GSM5057993	18098D-02-29	SAMN17727331	SRX9996481	First	Discovery	sperm	7	SRR13602225	103571648	15735939971	https://ftp.sra.ebi.ac.uk/vol1/fastq/SRR136/025/SRR13602225/SRR13602225_1.fastq.gz	https://ftp.sra.ebi.ac.uk/vol1/fastq/SRR136/025/SRR13602225/SRR13602225_2.fastq.gz	dd53f61bc428f3e36914eec65368e366	03257dd80d636ec39eed6ea33c50bc86
9	GSM5057994	18098D-02-30	SAMN17727330	SRX9996482	First	Discovery	sperm	8	SRR13602226	109794769	16518945392	https://ftp.sra.ebi.ac.uk/vol1/fastq/SRR136/026/SRR13602226/SRR13602226_1.fastq.gz	https://ftp.sra.ebi.ac.uk/vol1/fastq/SRR136/026/SRR13602226/SRR13602226_2.fastq.gz	ee283e31dd451f77d7b6f58be62948af	98b26be1f8ffc51d6da22ba1c59939f8
10	GSM5057995	18098D-02-33	SAMN17727329	SRX9996483	First	Discovery	sperm	3	SRR13602227	98097304	14845766101	https://ftp.sra.ebi.ac.uk/vol1/fastq/SRR136/027/SRR13602227/SRR13602227_1.fastq.gz	https://ftp.sra.ebi.ac.uk/vol1/fastq/SRR136/027/SRR13602227/SRR13602227_2.fastq.gz	7701b77a694342867e76e0d4adcf4a2d	15366946f84dafd7d9a8525fbea754ab
11	GSM5057996	18098D-02-35	SAMN17727328	SRX9996484	First	Discovery	sperm	3	SRR13602228	96324910	14582783953	https://ftp.sra.ebi.ac.uk/vol1/fastq/SRR136/028/SRR13602228/SRR13602228_1.fastq.gz	https://ftp.sra.ebi.ac.uk/vol1/fastq/SRR136/028/SRR13602228/SRR13602228_2.fastq.gz	bb40c210c59a9850fad27bf3a8d97912	db2141f6bc80bc2828bc9f9e0efa305a
12	GSM5057997	18098D-02-37	SAMN17727327	SRX9996485	First	Discovery	sperm	11	SRR13602229	94413903	14056399914	https://ftp.sra.ebi.ac.uk/vol1/fastq/SRR136/029/SRR13602229/SRR13602229_1.fastq.gz	https://ftp.sra.ebi.ac.uk/vol1/fastq/SRR136/029/SRR13602229/SRR13602229_2.fastq.gz	4856a31068d30132f434a32fde31125f	154edbba045a037ea3c630d0b74e49d4
13	GSM5057998	18098D-02-40	SAMN17727326	SRX9996486	First	Discovery	sperm	9	SRR13602230	92161604	13791376264	https://ftp.sra.ebi.ac.uk/vol1/fastq/SRR136/030/SRR13602230/SRR13602230_1.fastq.gz	https://ftp.sra.ebi.ac.uk/vol1/fastq/SRR136/030/SRR13602230/SRR13602230_2.fastq.gz	5cd6654e9cf50955201f3fb3676a5520	6a349c064a5dc494651c33c25f615733
14	GSM5057999	18098D-02-41	SAMN17727325	SRX9996487	First	Discovery	sperm	6	SRR13602231	112886436	16817445290	https://ftp.sra.ebi.ac.uk/vol1/fastq/SRR136/031/SRR13602231/SRR13602231_1.fastq.gz	https://ftp.sra.ebi.ac.uk/vol1/fastq/SRR136/031/SRR13602231/SRR13602231_2.fastq.gz	0fbbf40fcb361ebcdb01ee27b8864b02	c1c1c2ab780b19d374e5db11adad5b0f
15	GSM5058000	18098D-02-47	SAMN17727324	SRX9996488	First	Discovery	sperm	12	SRR13602232	88869119	13214977354	https://ftp.sra.ebi.ac.uk/vol1/fastq/SRR136/032/SRR13602232/SRR13602232_1.fastq.gz	https://ftp.sra.ebi.ac.uk/vol1/fastq/SRR136/032/SRR13602232/SRR13602232_2.fastq.gz	fa8bc90aba3b4717936e9da04380358c	2e7c5700ab695c9d76f0773dce82229a
16	GSM5058001	18098D-02-48	SAMN17727323	SRX9996489	First	Discovery	sperm	12	SRR13602233	103259742	15483174855	https://ftp.sra.ebi.ac.uk/vol1/fastq/SRR136/033/SRR13602233/SRR13602233_1.fastq.gz	https://ftp.sra.ebi.ac.uk/vol1/fastq/SRR136/033/SRR13602233/SRR13602233_2.fastq.gz	752a98ab77c22c35d1fd9ebe5e4b072f	761863bd0ea836f92885f91861de5d81
17	GSM5058002	18098D-02-07	SAMN17727322	SRX9996490	Third	Discovery	sperm	8	SRR13602234	94893662	14335765503	https://ftp.sra.ebi.ac.uk/vol1/fastq/SRR136/034/SRR13602234/SRR13602234_1.fastq.gz	https://ftp.sra.ebi.ac.uk/vol1/fastq/SRR136/034/SRR13602234/SRR13602234_2.fastq.gz	0eef03fa36bf6fbdb53ad762da02f9a2	b3ba5bb03f7a2a2c644ac96763fdee32
18	GSM5058003	18098D-02-01	SAMN17727321	SRX9996491	Third	Discovery	sperm	4	SRR13602235	87984167	13607089400	https://ftp.sra.ebi.ac.uk/vol1/fastq/SRR136/035/SRR13602235/SRR13602235_1.fastq.gz	https://ftp.sra.ebi.ac.uk/vol1/fastq/SRR136/035/SRR13602235/SRR13602235_2.fastq.gz	6d7a88f42aac9a2f06a6690b17781a0f	e7aec11663ab62df92d5fc99a75868c9
19	GSM5058004	18098D-02-14	SAMN17727320	SRX9996492	Third	Discovery	sperm	12	SRR13602236	86783579	13025971717	https://ftp.sra.ebi.ac.uk/vol1/fastq/SRR136/036/SRR13602236/SRR13602236_1.fastq.gz	https://ftp.sra.ebi.ac.uk/vol1/fastq/SRR136/036/SRR13602236/SRR13602236_2.fastq.gz	cf87a3bbd1463936b2fcdba3009663d0	2208e69ea0fbd82106657c2754fcac94
20	GSM5058005	18098D-02-15	SAMN17727319	SRX9996493	Third	Discovery	sperm	13	SRR13602237	86189605	12878290762	https://ftp.sra.ebi.ac.uk/vol1/fastq/SRR136/037/SRR13602237/SRR13602237_1.fastq.gz	https://ftp.sra.ebi.ac.uk/vol1/fastq/SRR136/037/SRR13602237/SRR13602237_2.fastq.gz	eb9526fc468ad835697f91da98a1cbb4	e6f240a7d8d348aa229ea8aaf5e40a35
21	GSM5058006	18098D-02-18	SAMN17727318	SRX9996494	Third	Discovery	sperm	1	SRR13602238	92649988	13804874038	https://ftp.sra.ebi.ac.uk/vol1/fastq/SRR136/038/SRR13602238/SRR13602238_1.fastq.gz	https://ftp.sra.ebi.ac.uk/vol1/fastq/SRR136/038/SRR13602238/SRR13602238_2.fastq.gz	d38d81d0f92e5036378846e24874eba8	edd17d836c97c8425b3932a1e6f43df4
22	GSM5058007	18098D-02-21	SAMN17727317	SRX9996495	Third	Discovery	sperm	14	SRR13602239	74912876	11259976735	https://ftp.sra.ebi.ac.uk/vol1/fastq/SRR136/039/SRR13602239/SRR13602239_1.fastq.gz	https://ftp.sra.ebi.ac.uk/vol1/fastq/SRR136/039/SRR13602239/SRR13602239_2.fastq.gz	df2aae8c84b9bec3e61561d7399b628e	650ca6961432891658d599aee5c95b8f
23	GSM5058008	18098D-02-26	SAMN17727316	SRX9996496	Third	Discovery	sperm	11	SRR13602240	93873817	14167652677	https://ftp.sra.ebi.ac.uk/vol1/fastq/SRR136/040/SRR13602240/SRR13602240_1.fastq.gz	https://ftp.sra.ebi.ac.uk/vol1/fastq/SRR136/040/SRR13602240/SRR13602240_2.fastq.gz	0b168a9b6ea1b83869b205da24312eef	35cdb58811cb239c0f1fb2ff3769992b
24	GSM5058009	18098D-02-27	SAMN17727315	SRX9996497	Third	Discovery	sperm	11	SRR13602241	94082171	14028591681	https://ftp.sra.ebi.ac.uk/vol1/fastq/SRR136/041/SRR13602241/SRR13602241_1.fastq.gz	https://ftp.sra.ebi.ac.uk/vol1/fastq/SRR136/041/SRR13602241/SRR13602241_2.fastq.gz	a235960037a75225d9cc6cc64eb50d50	2272d2e962d5345242b132df174d915a
25	GSM5058010	18098D-02-32	SAMN17727314	SRX9996498	Third	Discovery	sperm	7	SRR13602242	104074240	16058290810	https://ftp.sra.ebi.ac.uk/vol1/fastq/SRR136/042/SRR13602242/SRR13602242_1.fastq.gz	https://ftp.sra.ebi.ac.uk/vol1/fastq/SRR136/042/SRR13602242/SRR13602242_2.fastq.gz	f244747f43f4ceedcc03875eea1d7c15	b2399b830b5f74df06f5ccbdf5e4e003
26	GSM5058011	18098D-02-36	SAMN17727313	SRX9996499	Third	Discovery	sperm	7	SRR13602243	97104906	14458206641	https://ftp.sra.ebi.ac.uk/vol1/fastq/SRR136/043/SRR13602243/SRR13602243_1.fastq.gz	https://ftp.sra.ebi.ac.uk/vol1/fastq/SRR136/043/SRR13602243/SRR13602243_2.fastq.gz	8f2b3a6fd36351335fb23fd4fc04a35c	ab9d51b68cccf156771c3ca0c49ab926
27	GSM5058012	18098D-02-44	SAMN17727312	SRX9996500	Third	Discovery	sperm	14	SRR13602244	108558150	16287840142	https://ftp.sra.ebi.ac.uk/vol1/fastq/SRR136/044/SRR13602244/SRR13602244_1.fastq.gz	https://ftp.sra.ebi.ac.uk/vol1/fastq/SRR136/044/SRR13602244/SRR13602244_2.fastq.gz	e07ebfbb612899989b977d51f1d3e135	70e33128cdc0dbc6649bcb55d5135e31
28	GSM5058013	18098D-02-45	SAMN17727311	SRX9996501	Third	Discovery	sperm	6	SRR13602245	102004169	15596798052	https://ftp.sra.ebi.ac.uk/vol1/fastq/SRR136/045/SRR13602245/SRR13602245_1.fastq.gz	https://ftp.sra.ebi.ac.uk/vol1/fastq/SRR136/045/SRR13602245/SRR13602245_2.fastq.gz	63901042d9c4b6ff609fd25b36f2f807	773b970f6d36e791341e4b4759c933cf
29	GSM5058014	18098D-02-46	SAMN17727310	SRX9996502	Third	Discovery	sperm	9	SRR13602246	102954625	15486732781	https://ftp.sra.ebi.ac.uk/vol1/fastq/SRR136/046/SRR13602246/SRR13602246_1.fastq.gz	https://ftp.sra.ebi.ac.uk/vol1/fastq/SRR136/046/SRR13602246/SRR13602246_2.fastq.gz	035b63086aa263bd9ac4e872d529afd9	994c7092bc479b5e4a5b9fb513f61275
30	GSM5058015	18098D-02-49	SAMN17727548	SRX9996503	Third	Discovery	sperm	9	SRR13602247	97633259	14830007280	https://ftp.sra.ebi.ac.uk/vol1/fastq/SRR136/047/SRR13602247/SRR13602247_1.fastq.gz	https://ftp.sra.ebi.ac.uk/vol1/fastq/SRR136/047/SRR13602247/SRR13602247_2.fastq.gz	a56448126bfaa6713f172bbde858ded1	15c1c48eb49d353e8cd4bca451f9db53
31	GSM5058016	18098D-02-03	SAMN17727547	SRX9996504	Third	Discovery	sperm	10	SRR13602248	87140245	13685260155	https://ftp.sra.ebi.ac.uk/vol1/fastq/SRR136/048/SRR13602248/SRR13602248_1.fastq.gz	https://ftp.sra.ebi.ac.uk/vol1/fastq/SRR136/048/SRR13602248/SRR13602248_2.fastq.gz	1c3ada7a792d800925ecaa4abe28b8ed	64c6fc2c0b7346f40ad1227d7ec702bf
32	GSM5058017	18098D-02-52	SAMN17727546	SRX9996505	Third	Discovery	sperm	5	SRR13602249	101384498	15163903750	https://ftp.sra.ebi.ac.uk/vol1/fastq/SRR136/049/SRR13602249/SRR13602249_1.fastq.gz	https://ftp.sra.ebi.ac.uk/vol1/fastq/SRR136/049/SRR13602249/SRR13602249_2.fastq.gz	5dbad60dad0a968287e681e0a7d66e55	659e47e199e2a8fc0372061f88b9786d
33	GSM5058018	18098D-02-06	SAMN17727545	SRX9996506	First	Validation	sperm	2	SRR13602250	91784385	15573004485	https://ftp.sra.ebi.ac.uk/vol1/fastq/SRR136/050/SRR13602250/SRR13602250_1.fastq.gz	https://ftp.sra.ebi.ac.uk/vol1/fastq/SRR136/050/SRR13602250/SRR13602250_2.fastq.gz	390bd740da85a142aac85d4969b68407	50f68adbf00e7176eae05bb4496cd3b5
34	GSM5058019	18098D-02-09	SAMN17727543	SRX9996507	First	Validation	sperm	12	SRR13602251	74946220	12928580664	https://ftp.sra.ebi.ac.uk/vol1/fastq/SRR136/051/SRR13602251/SRR13602251_1.fastq.gz	https://ftp.sra.ebi.ac.uk/vol1/fastq/SRR136/051/SRR13602251/SRR13602251_2.fastq.gz	ef928a350cd7c65d054a44b7c500e341	2a45033cc564d1dc5c2b92baf3991be8
35	GSM5058020	18098D-02-11	SAMN17727542	SRX9996508	First	Validation	sperm	10	SRR13602252	70859077	12157941862	https://ftp.sra.ebi.ac.uk/vol1/fastq/SRR136/052/SRR13602252/SRR13602252_1.fastq.gz	https://ftp.sra.ebi.ac.uk/vol1/fastq/SRR136/052/SRR13602252/SRR13602252_2.fastq.gz	dcefac39c44352c51338b62dc453279b	b6d512249f1f494e6c249a7faa0d9a63
36	GSM5058021	18098D-02-16	SAMN17727541	SRX9996509	First	Validation	sperm	8	SRR13602253	72089129	12292655313	https://ftp.sra.ebi.ac.uk/vol1/fastq/SRR136/053/SRR13602253/SRR13602253_1.fastq.gz	https://ftp.sra.ebi.ac.uk/vol1/fastq/SRR136/053/SRR13602253/SRR13602253_2.fastq.gz	4c686fe76d68624c6ead821448f97e42	9f18ceb84679e263e7115f96be49c413
37	GSM5058022	18098D-02-17	SAMN17727540	SRX9996510	First	Validation	sperm	11	SRR13602254	81293906	13764532094	https://ftp.sra.ebi.ac.uk/vol1/fastq/SRR136/054/SRR13602254/SRR13602254_1.fastq.gz	https://ftp.sra.ebi.ac.uk/vol1/fastq/SRR136/054/SRR13602254/SRR13602254_2.fastq.gz	54a0c36d7256a341256e99973b71b530	5cbf5583ead6e274f46c68e28f8e140b
38	GSM5058023	18098D-02-28	SAMN17727539	SRX9996511	First	Validation	sperm	1	SRR13602255	75166339	13007997927	https://ftp.sra.ebi.ac.uk/vol1/fastq/SRR136/055/SRR13602255/SRR13602255_1.fastq.gz	https://ftp.sra.ebi.ac.uk/vol1/fastq/SRR136/055/SRR13602255/SRR13602255_2.fastq.gz	2d1efb434cf5f865f45474d99b5cd09f	84cb00e1b7a2893f3748d2005c056e2f
39	GSM5058024	18098D-02-39	SAMN17727538	SRX9996512	First	Validation	sperm	6	SRR13602256	99045540	16950819291	https://ftp.sra.ebi.ac.uk/vol1/fastq/SRR136/056/SRR13602256/SRR13602256_1.fastq.gz	https://ftp.sra.ebi.ac.uk/vol1/fastq/SRR136/056/SRR13602256/SRR13602256_2.fastq.gz	75edcbd30709bcee0831711eb00a64e6	6a44153c5d77d7840f21df1f2d33a787
40	GSM5058025	18098D-02-42	SAMN17727544	SRX9996513	First	Validation	sperm	10	SRR13602257	83389212	14339929844	https://ftp.sra.ebi.ac.uk/vol1/fastq/SRR136/057/SRR13602257/SRR13602257_1.fastq.gz	https://ftp.sra.ebi.ac.uk/vol1/fastq/SRR136/057/SRR13602257/SRR13602257_2.fastq.gz	b86d84ed24e0ff59a88a5793ec732cdb	4bc43970ce84d07dcdf3283762519927
41	GSM5058026	18098D-02-50	SAMN17727537	SRX9996514	First	Validation	sperm	3	SRR13602258	101474583	16840811088	https://ftp.sra.ebi.ac.uk/vol1/fastq/SRR136/058/SRR13602258/SRR13602258_1.fastq.gz	https://ftp.sra.ebi.ac.uk/vol1/fastq/SRR136/058/SRR13602258/SRR13602258_2.fastq.gz	cdbdc4652ad6f9f246317b45af249978	dfa22f338e0edb8ae24f643ae99a05e8
42	GSM5058027	18098D-02-51	SAMN17727536	SRX9996515	First	Validation	sperm	10	SRR13602259	79160719	13525761219	https://ftp.sra.ebi.ac.uk/vol1/fastq/SRR136/059/SRR13602259/SRR13602259_1.fastq.gz	https://ftp.sra.ebi.ac.uk/vol1/fastq/SRR136/059/SRR13602259/SRR13602259_2.fastq.gz	b22b0effd04f2b8f6430fd700a1874a9	599755744f80cf3a1c12c09415d919b9
43	GSM5058028	18098D-02-05	SAMN17727535	SRX9996516	Third	Validation	sperm	4	SRR13602260	69100323	12173402660	https://ftp.sra.ebi.ac.uk/vol1/fastq/SRR136/060/SRR13602260/SRR13602260_1.fastq.gz	https://ftp.sra.ebi.ac.uk/vol1/fastq/SRR136/060/SRR13602260/SRR13602260_2.fastq.gz	e6aac9c69a21038990cf2c3702315617	9d24676677d7d4ee857867a16e2198dc
44	GSM5058029	18098D-02-08	SAMN17727534	SRX9996517	Third	Validation	sperm	4	SRR13602261	64105212	11189572472	https://ftp.sra.ebi.ac.uk/vol1/fastq/SRR136/061/SRR13602261/SRR13602261_1.fastq.gz	https://ftp.sra.ebi.ac.uk/vol1/fastq/SRR136/061/SRR13602261/SRR13602261_2.fastq.gz	ad6fab0cf815d46c2d6c73e2ef6edb52	34eb1c2a2ca399f3d46f8c783974f4e2
45	GSM5058030	18098D-02-13	SAMN17727533	SRX9996518	Third	Validation	sperm	5	SRR13602262	82508338	13951648743	https://ftp.sra.ebi.ac.uk/vol1/fastq/SRR136/062/SRR13602262/SRR13602262_1.fastq.gz	https://ftp.sra.ebi.ac.uk/vol1/fastq/SRR136/062/SRR13602262/SRR13602262_2.fastq.gz	cf1dd98c87838b586843474ec47ad438	5bc65dd16c9f8258c78850f6145c6bed
46	GSM5058031	18098D-02-19	SAMN17727532	SRX9996519	Third	Validation	sperm	3	SRR13602263	75417915	12828765179	https://ftp.sra.ebi.ac.uk/vol1/fastq/SRR136/063/SRR13602263/SRR13602263_1.fastq.gz	https://ftp.sra.ebi.ac.uk/vol1/fastq/SRR136/063/SRR13602263/SRR13602263_2.fastq.gz	c47f410e2306b05345de7a7c3b464d2c	b62d1d22e268aab33321dfdd9bc80b05
47	GSM5058032	18098D-02-23	SAMN17727531	SRX9996520	Third	Validation	sperm	8	SRR13602264	88802515	15119847437	https://ftp.sra.ebi.ac.uk/vol1/fastq/SRR136/064/SRR13602264/SRR13602264_1.fastq.gz	https://ftp.sra.ebi.ac.uk/vol1/fastq/SRR136/064/SRR13602264/SRR13602264_2.fastq.gz	4bd9320fdb40401e10476af4e5ca38a5	d34a173c0c3b6ae708e61384e7efde77
48	GSM5058033	18098D-02-25	SAMN17727530	SRX9996521	Third	Validation	sperm	2	SRR13602265	76930172	13485691744	https://ftp.sra.ebi.ac.uk/vol1/fastq/SRR136/065/SRR13602265/SRR13602265_1.fastq.gz	https://ftp.sra.ebi.ac.uk/vol1/fastq/SRR136/065/SRR13602265/SRR13602265_2.fastq.gz	feda316e9f9e67c0855059a60e85a6f4	1c8525c72748714c03f44af22cdafd4e
49	GSM5058034	18098D-02-31	SAMN17727529	SRX9996522	Third	Validation	sperm	2	SRR13602266	84095949	14256261817	https://ftp.sra.ebi.ac.uk/vol1/fastq/SRR136/066/SRR13602266/SRR13602266_1.fastq.gz	https://ftp.sra.ebi.ac.uk/vol1/fastq/SRR136/066/SRR13602266/SRR13602266_2.fastq.gz	d192ff0c1f9baa777dd6300f5f317ab0	71541be851e671554f43f0648019bc8f
50	GSM5058035	18098D-02-34	SAMN17727528	SRX9996523	Third	Validation	sperm	2	SRR13602267	94089810	16311738470	https://ftp.sra.ebi.ac.uk/vol1/fastq/SRR136/067/SRR13602267/SRR13602267_1.fastq.gz	https://ftp.sra.ebi.ac.uk/vol1/fastq/SRR136/067/SRR13602267/SRR13602267_2.fastq.gz	1e077cb48b9a814215b6b9abfad902ff	d59963c6731259dcddcf27c87dd0de6e
51	GSM5058036	18098D-02-38	SAMN17727527	SRX9996524	Third	Validation	sperm	4	SRR13602268	78550961	13565213251	https://ftp.sra.ebi.ac.uk/vol1/fastq/SRR136/068/SRR13602268/SRR13602268_1.fastq.gz	https://ftp.sra.ebi.ac.uk/vol1/fastq/SRR136/068/SRR13602268/SRR13602268_2.fastq.gz	b2054e284e096cccfe91616f2ed29fc6	513ddbb76345826921c0f4278b7f5e8f
52	GSM5058037	18098D-02-43	SAMN17727526	SRX9996525	Third	Validation	sperm	14	SRR13602269	81270768	13835124796	https://ftp.sra.ebi.ac.uk/vol1/fastq/SRR136/069/SRR13602269/SRR13602269_1.fastq.gz	https://ftp.sra.ebi.ac.uk/vol1/fastq/SRR136/069/SRR13602269/SRR13602269_2.fastq.gz	13a3d1c218d90b3fe1f7695031ecbecc	b69d5857bcfc21573eeaaab0b0a51892
