state_pair,measure,pairs,defined,defined_share,mean,median,q25,q75
R-R,agreement_exact,6936,6936,1,0.413510829168269,0.388888888888889,0.277777777777778,0.555555555555556
different,agreement_exact,9210,9210,1,0.656466401254675,0.722222222222222,0.5,0.888888888888889
HM-HM,agreement_exact,3373,3373,1,0.60017458905689,0.611111111111111,0.5,0.722222222222222
H-H,agreement_exact,516,516,1,0.856589147286822,0.888888888888889,0.777777777777778,0.944444444444444
LM-LM,agreement_exact,3917,3917,1,0.745369188437863,0.777777777777778,0.611111111111111,0.888888888888889
L-L,agreement_exact,8708,8708,1,0.943430051549023,0.944444444444444,0.888888888888889,1
M-M,agreement_exact,4,4,1,0.361111111111111,0.388888888888889,0.291666666666667,0.458333333333333
R-R,agreement_within_one,6936,6936,1,0.665529283608868,0.666666666666667,0.555555555555556,0.833333333333333
different,agreement_within_one,9210,9210,1,0.819049342502111,0.888888888888889,0.777777777777778,0.944444444444444
HM-HM,agreement_within_one,3373,3373,1,0.841683960865698,0.888888888888889,0.777777777777778,0.944444444444444
H-H,agreement_within_one,516,516,1,1,1,1,1
LM-LM,agreement_within_one,3917,3917,1,0.907029189005191,0.944444444444444,0.888888888888889,1
L-L,agreement_within_one,8708,8708,1,1,1,1,1
M-M,agreement_within_one,4,4,1,0.666666666666667,0.638888888888889,0.555555555555556,0.75
R-R,ordinal_similarity,6936,6936,1,0.852226529682316,0.87037037037037,0.808641975308642,0.91358024691358
different,ordinal_similarity,9210,9210,1,0.914594308387287,0.950617283950617,0.882716049382716,0.975308641975309
HM-HM,ordinal_similarity,3373,3373,1,0.928705808288771,0.932098765432099,0.907407407407407,0.95679012345679
H-H,ordinal_similarity,516,516,1,0.984065460809647,0.987654320987654,0.975308641975309,0.993827160493827
LM-LM,ordinal_similarity,3917,3917,1,0.956331533644103,0.962962962962963,0.938271604938272,0.981481481481481
L-L,ordinal_similarity,8708,8708,1,0.993714450172114,0.993827160493827,0.987654320987654,1
M-M,ordinal_similarity,4,4,1,0.881172839506173,0.87962962962963,0.854938271604938,0.905864197530864
R-R,beta_MAE,6936,6936,1,0.14397575917756,0.128459472222222,0.08560825,0.185004370833333
different,beta_MAE,9210,9210,1,0.0916625866962842,0.0595717138888889,0.0326102388888889,0.120572693055556
HM-HM,beta_MAE,3373,3373,1,0.0838446860691109,0.0787512777777778,0.058375,0.104190277777778
H-H,beta_MAE,516,516,1,0.0319296357665805,0.0331419444444444,0.0227000694444445,0.0416896111111111
LM-LM,beta_MAE,3917,3917,1,0.0487562170411029,0.0430639611111111,0.0247244222222222,0.0654761666666667
L-L,beta_MAE,8708,8708,1,0.0140543315525315,0.0125549833333333,0.00694444444444444,0.0195610555555556
M-M,beta_MAE,4,4,1,0.116943861111111,0.122243333333333,0.107228833333333,0.131958361111111
R-R,beta_RMSE,6936,6936,1,0.205087188614743,0.18708118744246,0.130517369414071,0.265784104543489
different,beta_RMSE,9210,9210,1,0.147547441296883,0.109344283521099,0.0720018286858359,0.200815610338452
HM-HM,beta_RMSE,3373,3373,1,0.129081640229958,0.125547101312615,0.0975909069967302,0.156028706320522
H-H,beta_RMSE,516,516,1,0.0547146860131822,0.0572166642041081,0.045977675463573,0.0673817135756006
LM-LM,beta_RMSE,3917,3917,1,0.0856026374882244,0.0814712779893183,0.0535098444273263,0.112038445585274
L-L,beta_RMSE,8708,8708,1,0.0316257565903375,0.031355558973677,0.020742726954914,0.042617950587276
M-M,beta_RMSE,4,4,1,0.149811280947379,0.152765750668486,0.138298122060252,0.164278909555613
R-R,kappa_quadratic,6936,6936,1,0.618927913333245,0.675920678602355,0.448444890818376,0.830222736870786
different,kappa_quadratic,9210,9210,1,0.192945467256785,0.0768340799192954,-8.88178419700125e-16,0.368421052631579
HM-HM,kappa_quadratic,3373,3373,1,0.33708007878811,0.341463414634116,0.0689655172413976,0.593548387096772
H-H,kappa_quadratic,516,465,0.901162790697675,0.0662330300644672,2.8421709430404e-14,-0.0800000000001351,0.035714285714181
LM-LM,kappa_quadratic,3917,3917,1,0.548539889840976,0.608695652173913,0.307692307692308,0.830188679245283
L-L,kappa_quadratic,8708,5853,0.672140560404226,0.202382607347726,4.44089209850063e-15,-3.5527136788005e-15,0.437499999999999
M-M,kappa_quadratic,4,4,1,0.455201707364611,0.523466670362932,0.338793811431856,0.639874566295687
R-R,concordance_raw,6936,6936,1,0.614780406764469,0.674073547837755,0.443577329816352,0.82926633339027
different,concordance_raw,9210,9210,1,0.222313290605482,0.142803751535927,0,0.42251603182173
HM-HM,concordance_raw,3373,3373,1,0.338223583566398,0.354506574390315,0.0995399665870382,0.585655911382276
H-H,concordance_raw,516,497,0.963178294573643,0.102918171512681,0.0298230098655212,-0.0704922695420201,0.243313586313687
LM-LM,concordance_raw,3917,3917,1,0.553553582463716,0.61289609040416,0.34356958963371,0.809617601740879
L-L,concordance_raw,8708,8338,0.95751033532384,0.307768137457722,0.263504103976705,0,0.565264254782288
M-M,concordance_raw,4,4,1,0.43484778432542,0.506195862179849,0.345003450515965,0.596040195989304
R-R,pearson_raw,6936,6936,1,0.670177543236705,0.738563005882772,0.539274980005049,0.863143386581112
different,pearson_raw,9210,8760,0.95114006514658,0.298353037072416,0.268861541379053,0.00486775562885908,0.5781103254182
HM-HM,pearson_raw,3373,3373,1,0.375853460360056,0.418910633603063,0.121653765646142,0.646284044613442
H-H,pearson_raw,516,451,0.874031007751938,0.126096440694715,0.0964018755510154,-0.100440092296132,0.31600744402375
LM-LM,pearson_raw,3917,3917,1,0.586332417472756,0.665657226520225,0.39502889725702,0.842838711579901
L-L,pearson_raw,8708,7283,0.836357372531006,0.389301965400593,0.398400428345861,0.0918339908633064,0.673980334412043
M-M,pearson_raw,4,4,1,0.522504833201245,0.614441304715957,0.47929883628634,0.657647301630862
R-R,spearman_raw,6936,6936,1,0.594027653529978,0.631661225080077,0.4490776252244,0.779199824929655
different,spearman_raw,9210,8760,0.95114006514658,0.329518478915342,0.353026998034524,0.126965874897409,0.548007728068546
HM-HM,spearman_raw,3373,3373,1,0.319411978641461,0.337401814508007,0.130669435616568,0.524845845381496
H-H,spearman_raw,516,451,0.874031007751938,0.144522283769238,0.144000003365961,-0.0777027598251406,0.337308553363497
LM-LM,spearman_raw,3917,3917,1,0.509806065863219,0.533803421693401,0.348249027237354,0.70497469040281
L-L,spearman_raw,8708,7283,0.836357372531006,0.403750782221877,0.434256055363322,0.193154034229829,0.642006066272646
M-M,spearman_raw,4,4,1,0.494887744017868,0.615274977265699,0.452372078633044,0.657790642650524
R-R,spearman_levels,6936,6936,1,0.603766728025043,0.643394488834513,0.464885653044143,0.783335248222856
different,spearman_levels,9210,7471,0.811183496199783,0.326294219786133,0.359349677125638,0.018242223059788,0.578501562598978
HM-HM,spearman_levels,3373,3373,1,0.330130465108454,0.363312409223542,0.122418879056047,0.558333181281834
H-H,spearman_levels,516,300,0.581395348837209,0.107179946855281,-0.0588235294117647,-0.108465228909328,0.316227766016838
LM-LM,spearman_levels,3917,3917,1,0.531763005832509,0.561788955785256,0.36630478376821,0.727606875108999
L-L,spearman_levels,8708,2725,0.312930638493339,0.450784454053102,0.54232614454664,-0.0588235294117647,0.790569415042095
M-M,spearman_levels,4,4,1,0.504516642275303,0.577954969817261,0.410364848019854,0.672106764072709
R-R,xi_xy,6936,6936,1,0.277365837171228,0.270699666295884,0.133431073584299,0.416049821309267
different,xi_xy,9210,8304,0.901628664495114,0.0943017462993622,0.00945840781879059,-0.025735294117647,0.180833504022047
HM-HM,xi_xy,3373,3373,1,0.11426871119197,0.0625159371015726,-0.0193610842207164,0.197216386554622
H-H,xi_xy,516,378,0.732558139534884,0.0153508590024141,-0.0125,-0.025735294117647,0
LM-LM,xi_xy,3917,3917,1,0.232325378949997,0.211514392991239,0.0539877300613497,0.416981132075472
L-L,xi_xy,8708,4196,0.481855764813964,0.11693478857446,0,0,0.205882352941177
M-M,xi_xy,4,4,1,0.159202413402337,0.19107748487301,0.117909066414855,0.232370831860493
R-R,xi_yx,6936,6936,1,0.276334363850996,0.269533820386661,0.125815030532282,0.416871521335807
different,xi_yx,9210,8377,0.909554831704669,0.0923330025493566,0.0102576335877863,-0.0242161254199329,0.174642516682555
HM-HM,xi_yx,3373,3373,1,0.11218938352067,0.0669977081741787,-0.0197306238185255,0.201034351869425
H-H,xi_yx,516,387,0.75,0.0149938622814277,-0.0125,-0.025735294117647,0
LM-LM,xi_yx,3917,3917,1,0.229779620772973,0.205882352941177,0.0527661993179235,0.406137184115523
L-L,xi_yx,8708,4382,0.503215434083601,0.111971331095033,0,0,0.205882352941177
M-M,xi_yx,4,4,1,0.166894198094901,0.198692236316176,0.0704636846634115,0.295122749747665
R-R,xi_mean,6936,6936,1,0.276850100511112,0.270628294929791,0.130166529473658,0.411818371843108
different,xi_mean,9210,7471,0.811183496199783,0.104173153769634,0.0330132052821128,-0.0254841521872882,0.205882352941177
HM-HM,xi_mean,3373,3373,1,0.11322904735632,0.0688238542985482,-0.0155478221823079,0.205882352941177
H-H,xi_mean,516,300,0.581395348837209,0.0193420823430418,-0.0210084033613445,-0.025735294117647,0
LM-LM,xi_mean,3917,3917,1,0.231052499861485,0.213406226523492,0.0437087334933974,0.384153661464586
L-L,xi_mean,8708,2725,0.312930638493339,0.180058118480159,0.117647058823529,-0.025735294117647,0.4375
M-M,xi_mean,4,4,1,0.163048305748619,0.194884860594593,0.0941863755391331,0.263746790804079
R-R,xi_max,6936,6936,1,0.311328960289126,0.303049463724143,0.16664156626506,0.448913171826107
different,xi_max,9210,7471,0.811183496199783,0.13748701614401,0.08,-0.0180995475113122,0.226666666666667
HM-HM,xi_max,3373,3373,1,0.150420891645413,0.104003371260008,0.00407154282390587,0.243353293413174
H-H,xi_max,516,300,0.581395348837209,0.0193420823430418,-0.0210084033613445,-0.025735294117647,0
LM-LM,xi_max,3917,3917,1,0.267698648747607,0.265420560747664,0.0945574491478833,0.470588235294118
L-L,xi_max,8708,2725,0.312930638493339,0.180058118480159,0.11764705882353,-0.025735294117647,0.4375
M-M,xi_max,4,4,1,0.182749001784967,0.230401843696309,0.118028095733611,0.295122749747665
