repeat_class,pairs,share,median_min_depth,q90_min_depth
no repeat,419950,0.7784,8.5,11
SINE,40505,0.0751,8.5,10
LTR,26833,0.0497,8.5,10.5
LINE,26205,0.0486,8.5,10.5
Simple_repeat,11790,0.0219,9,11.5
DNA,7623,0.0141,8.5,10.5
Satellite,3575,0.0066,9,18
Retroposon,1376,0.0026,8,10
Low_complexity,1067,0.002,8.5,10.5
rRNA,270,5e-04,9.5,18
tRNA,66,1e-04,8.5,10
Unknown,56,1e-04,8.5,10.5
LTR?,50,1e-04,8.75,11.05
snRNA,47,1e-04,8,14
srpRNA,44,1e-04,8.5,9.85
DNA?,24,0,8.5,9
RC,15,0,8,9.5
RNA,12,0,8.25,10.3
scRNA,1,0,9.5,9.5
