scenario,truth,method,generated,defined,rejections,evaluable_share,operational_rejection_rate,operational_ci_low,operational_ci_high,rejection_rate_given_defined,conditional_ci_low,conditional_ci_high,target
independent_continuous,independent_null,ordinal_similarity,30,30,1,1,0.0333333333333333,0.000843570926630479,0.172169455633413,0.0333333333333333,0.000843570926630479,0.172169455633413,positive_similarity
independent_continuous,independent_null,linear_kappa,30,30,1,1,0.0333333333333333,0.000843570926630479,0.172169455633413,0.0333333333333333,0.000843570926630479,0.172169455633413,positive_similarity
independent_continuous,independent_null,quadratic_kappa,30,30,0,1,0,0,0.115703308222028,0,0,0.115703308222028,positive_similarity
independent_continuous,independent_null,pearson_beta,30,30,1,1,0.0333333333333333,0.000843570926630479,0.172169455633413,0.0333333333333333,0.000843570926630479,0.172169455633413,any_dependence
independent_continuous,independent_null,pearson_levels,30,30,0,1,0,0,0.115703308222028,0,0,0.115703308222028,any_dependence
independent_continuous,independent_null,spearman_beta,30,30,0,1,0,0,0.115703308222028,0,0,0.115703308222028,any_dependence
independent_continuous,independent_null,spearman_levels,30,30,0,1,0,0,0.115703308222028,0,0,0.115703308222028,any_dependence
independent_continuous,independent_null,xi_levels_mean,30,30,0,1,0,0,0.115703308222028,0,0,0.115703308222028,any_dependence
independent_continuous,independent_null,dcor_beta,30,30,1,1,0.0333333333333333,0.000843570926630479,0.172169455633413,0.0333333333333333,0.000843570926630479,0.172169455633413,any_dependence
independent_continuous,independent_null,dcor_levels,30,30,0,1,0,0,0.115703308222028,0,0,0.115703308222028,any_dependence
independent_continuous,independent_null,unbiased_dcov2_levels,30,30,1,1,0.0333333333333333,0.000843570926630479,0.172169455633413,0.0333333333333333,0.000843570926630479,0.172169455633413,any_dependence
independent_sparse,independent_null,ordinal_similarity,30,30,0,1,0,0,0.115703308222028,0,0,0.115703308222028,positive_similarity
independent_sparse,independent_null,linear_kappa,30,29,0,0.966666666666667,0,0,0.115703308222028,0,0,0.119444869069503,positive_similarity
independent_sparse,independent_null,quadratic_kappa,30,29,0,0.966666666666667,0,0,0.115703308222028,0,0,0.119444869069503,positive_similarity
independent_sparse,independent_null,pearson_beta,30,21,0,0.7,0,0,0.115703308222028,0,0,0.16109761521908,any_dependence
independent_sparse,independent_null,pearson_levels,30,21,0,0.7,0,0,0.115703308222028,0,0,0.16109761521908,any_dependence
independent_sparse,independent_null,spearman_beta,30,21,0,0.7,0,0,0.115703308222028,0,0,0.16109761521908,any_dependence
independent_sparse,independent_null,spearman_levels,30,21,0,0.7,0,0,0.115703308222028,0,0,0.16109761521908,any_dependence
independent_sparse,independent_null,xi_levels_mean,30,21,0,0.7,0,0,0.115703308222028,0,0,0.16109761521908,any_dependence
independent_sparse,independent_null,dcor_beta,30,21,0,0.7,0,0,0.115703308222028,0,0,0.16109761521908,any_dependence
independent_sparse,independent_null,dcor_levels,30,21,0,0.7,0,0,0.115703308222028,0,0,0.16109761521908,any_dependence
independent_sparse,independent_null,unbiased_dcov2_levels,30,30,0,1,0,0,0.115703308222028,0,0,0.115703308222028,any_dependence
independent_bin_boundary,independent_null,ordinal_similarity,30,30,4,1,0.133333333333333,0.0375534963383633,0.307218350276127,0.133333333333333,0.0375534963383633,0.307218350276127,positive_similarity
independent_bin_boundary,independent_null,linear_kappa,30,30,4,1,0.133333333333333,0.0375534963383633,0.307218350276127,0.133333333333333,0.0375534963383633,0.307218350276127,positive_similarity
independent_bin_boundary,independent_null,quadratic_kappa,30,30,4,1,0.133333333333333,0.0375534963383633,0.307218350276127,0.133333333333333,0.0375534963383633,0.307218350276127,positive_similarity
independent_bin_boundary,independent_null,pearson_beta,30,30,3,1,0.1,0.0211171370297226,0.265288450474208,0.1,0.0211171370297226,0.265288450474208,any_dependence
independent_bin_boundary,independent_null,pearson_levels,30,30,4,1,0.133333333333333,0.0375534963383633,0.307218350276127,0.133333333333333,0.0375534963383633,0.307218350276127,any_dependence
independent_bin_boundary,independent_null,spearman_beta,30,30,6,1,0.2,0.0771355120010656,0.385666510996607,0.2,0.0771355120010656,0.385666510996607,any_dependence
independent_bin_boundary,independent_null,spearman_levels,30,30,4,1,0.133333333333333,0.0375534963383633,0.307218350276127,0.133333333333333,0.0375534963383633,0.307218350276127,any_dependence
independent_bin_boundary,independent_null,xi_levels_mean,30,30,4,1,0.133333333333333,0.0375534963383633,0.307218350276127,0.133333333333333,0.0375534963383633,0.307218350276127,any_dependence
independent_bin_boundary,independent_null,dcor_beta,30,30,5,1,0.166666666666667,0.0564216964680715,0.347211698834144,0.166666666666667,0.0564216964680715,0.347211698834144,any_dependence
independent_bin_boundary,independent_null,dcor_levels,30,30,4,1,0.133333333333333,0.0375534963383633,0.307218350276127,0.133333333333333,0.0375534963383633,0.307218350276127,any_dependence
independent_bin_boundary,independent_null,unbiased_dcov2_levels,30,30,4,1,0.133333333333333,0.0375534963383633,0.307218350276127,0.133333333333333,0.0375534963383633,0.307218350276127,any_dependence
positive_linear,dependent,ordinal_similarity,30,30,30,1,1,0.884296691777972,1,1,0.884296691777972,1,positive_similarity
positive_linear,dependent,linear_kappa,30,30,30,1,1,0.884296691777972,1,1,0.884296691777972,1,positive_similarity
positive_linear,dependent,quadratic_kappa,30,30,30,1,1,0.884296691777972,1,1,0.884296691777972,1,positive_similarity
positive_linear,dependent,pearson_beta,30,30,30,1,1,0.884296691777972,1,1,0.884296691777972,1,any_dependence
positive_linear,dependent,pearson_levels,30,30,30,1,1,0.884296691777972,1,1,0.884296691777972,1,any_dependence
positive_linear,dependent,spearman_beta,30,30,30,1,1,0.884296691777972,1,1,0.884296691777972,1,any_dependence
positive_linear,dependent,spearman_levels,30,30,30,1,1,0.884296691777972,1,1,0.884296691777972,1,any_dependence
positive_linear,dependent,xi_levels_mean,30,30,30,1,1,0.884296691777972,1,1,0.884296691777972,1,any_dependence
positive_linear,dependent,dcor_beta,30,30,30,1,1,0.884296691777972,1,1,0.884296691777972,1,any_dependence
positive_linear,dependent,dcor_levels,30,30,30,1,1,0.884296691777972,1,1,0.884296691777972,1,any_dependence
positive_linear,dependent,unbiased_dcov2_levels,30,30,30,1,1,0.884296691777972,1,1,0.884296691777972,1,any_dependence
offset_linear,dependent,ordinal_similarity,30,30,0,1,0,0,0.115703308222028,0,0,0.115703308222028,positive_similarity
offset_linear,dependent,linear_kappa,30,30,0,1,0,0,0.115703308222028,0,0,0.115703308222028,positive_similarity
offset_linear,dependent,quadratic_kappa,30,30,27,1,0.9,0.734711549525792,0.978882862970277,0.9,0.734711549525792,0.978882862970277,positive_similarity
offset_linear,dependent,pearson_beta,30,30,30,1,1,0.884296691777972,1,1,0.884296691777972,1,any_dependence
offset_linear,dependent,pearson_levels,30,30,26,1,0.866666666666667,0.692781649723873,0.962446503661637,0.866666666666667,0.692781649723873,0.962446503661637,any_dependence
offset_linear,dependent,spearman_beta,30,30,30,1,1,0.884296691777972,1,1,0.884296691777972,1,any_dependence
offset_linear,dependent,spearman_levels,30,30,26,1,0.866666666666667,0.692781649723873,0.962446503661637,0.866666666666667,0.692781649723873,0.962446503661637,any_dependence
offset_linear,dependent,xi_levels_mean,30,30,26,1,0.866666666666667,0.692781649723873,0.962446503661637,0.866666666666667,0.692781649723873,0.962446503661637,any_dependence
offset_linear,dependent,dcor_beta,30,30,30,1,1,0.884296691777972,1,1,0.884296691777972,1,any_dependence
offset_linear,dependent,dcor_levels,30,30,26,1,0.866666666666667,0.692781649723873,0.962446503661637,0.866666666666667,0.692781649723873,0.962446503661637,any_dependence
offset_linear,dependent,unbiased_dcov2_levels,30,30,26,1,0.866666666666667,0.692781649723873,0.962446503661637,0.866666666666667,0.692781649723873,0.962446503661637,any_dependence
inverse_linear,dependent,ordinal_similarity,30,30,0,1,0,0,0.115703308222028,0,0,0.115703308222028,positive_similarity
inverse_linear,dependent,linear_kappa,30,30,0,1,0,0,0.115703308222028,0,0,0.115703308222028,positive_similarity
inverse_linear,dependent,quadratic_kappa,30,30,0,1,0,0,0.115703308222028,0,0,0.115703308222028,positive_similarity
inverse_linear,dependent,pearson_beta,30,30,30,1,1,0.884296691777972,1,1,0.884296691777972,1,any_dependence
inverse_linear,dependent,pearson_levels,30,30,30,1,1,0.884296691777972,1,1,0.884296691777972,1,any_dependence
inverse_linear,dependent,spearman_beta,30,30,30,1,1,0.884296691777972,1,1,0.884296691777972,1,any_dependence
inverse_linear,dependent,spearman_levels,30,30,30,1,1,0.884296691777972,1,1,0.884296691777972,1,any_dependence
inverse_linear,dependent,xi_levels_mean,30,30,30,1,1,0.884296691777972,1,1,0.884296691777972,1,any_dependence
inverse_linear,dependent,dcor_beta,30,30,30,1,1,0.884296691777972,1,1,0.884296691777972,1,any_dependence
inverse_linear,dependent,dcor_levels,30,30,30,1,1,0.884296691777972,1,1,0.884296691777972,1,any_dependence
inverse_linear,dependent,unbiased_dcov2_levels,30,30,30,1,1,0.884296691777972,1,1,0.884296691777972,1,any_dependence
nonlinear_u,dependent,ordinal_similarity,30,30,0,1,0,0,0.115703308222028,0,0,0.115703308222028,positive_similarity
nonlinear_u,dependent,linear_kappa,30,30,0,1,0,0,0.115703308222028,0,0,0.115703308222028,positive_similarity
nonlinear_u,dependent,quadratic_kappa,30,30,1,1,0.0333333333333333,0.000843570926630479,0.172169455633413,0.0333333333333333,0.000843570926630479,0.172169455633413,positive_similarity
nonlinear_u,dependent,pearson_beta,30,30,4,1,0.133333333333333,0.0375534963383633,0.307218350276127,0.133333333333333,0.0375534963383633,0.307218350276127,any_dependence
nonlinear_u,dependent,pearson_levels,30,30,5,1,0.166666666666667,0.0564216964680715,0.347211698834144,0.166666666666667,0.0564216964680715,0.347211698834144,any_dependence
nonlinear_u,dependent,spearman_beta,30,30,4,1,0.133333333333333,0.0375534963383633,0.307218350276127,0.133333333333333,0.0375534963383633,0.307218350276127,any_dependence
nonlinear_u,dependent,spearman_levels,30,30,4,1,0.133333333333333,0.0375534963383633,0.307218350276127,0.133333333333333,0.0375534963383633,0.307218350276127,any_dependence
nonlinear_u,dependent,xi_levels_mean,30,30,28,1,0.933333333333333,0.779264598477038,0.991821865539344,0.933333333333333,0.779264598477038,0.991821865539344,any_dependence
nonlinear_u,dependent,dcor_beta,30,30,13,1,0.433333333333333,0.254607549903263,0.625726549390779,0.433333333333333,0.254607549903263,0.625726549390779,any_dependence
nonlinear_u,dependent,dcor_levels,30,30,15,1,0.5,0.312970285868028,0.687029714131973,0.5,0.312970285868028,0.687029714131973,any_dependence
nonlinear_u,dependent,unbiased_dcov2_levels,30,30,13,1,0.433333333333333,0.254607549903263,0.625726549390779,0.433333333333333,0.254607549903263,0.625726549390779,any_dependence
within_low_bin,dependent,ordinal_similarity,30,30,0,1,0,0,0.115703308222028,0,0,0.115703308222028,positive_similarity
within_low_bin,dependent,linear_kappa,30,0,0,0,0,0,0.115703308222028,,,,positive_similarity
within_low_bin,dependent,quadratic_kappa,30,0,0,0,0,0,0.115703308222028,,,,positive_similarity
within_low_bin,dependent,pearson_beta,30,30,30,1,1,0.884296691777972,1,1,0.884296691777972,1,any_dependence
within_low_bin,dependent,pearson_levels,30,0,0,0,0,0,0.115703308222028,,,,any_dependence
within_low_bin,dependent,spearman_beta,30,30,30,1,1,0.884296691777972,1,1,0.884296691777972,1,any_dependence
within_low_bin,dependent,spearman_levels,30,0,0,0,0,0,0.115703308222028,,,,any_dependence
within_low_bin,dependent,xi_levels_mean,30,0,0,0,0,0,0.115703308222028,,,,any_dependence
within_low_bin,dependent,dcor_beta,30,30,30,1,1,0.884296691777972,1,1,0.884296691777972,1,any_dependence
within_low_bin,dependent,dcor_levels,30,0,0,0,0,0,0.115703308222028,,,,any_dependence
within_low_bin,dependent,unbiased_dcov2_levels,30,30,0,1,0,0,0.115703308222028,0,0,0.115703308222028,any_dependence
shared_patient_factor,dependent_common_cause,ordinal_similarity,30,30,30,1,1,0.884296691777972,1,1,0.884296691777972,1,positive_similarity
shared_patient_factor,dependent_common_cause,linear_kappa,30,30,30,1,1,0.884296691777972,1,1,0.884296691777972,1,positive_similarity
shared_patient_factor,dependent_common_cause,quadratic_kappa,30,30,30,1,1,0.884296691777972,1,1,0.884296691777972,1,positive_similarity
shared_patient_factor,dependent_common_cause,pearson_beta,30,30,30,1,1,0.884296691777972,1,1,0.884296691777972,1,any_dependence
shared_patient_factor,dependent_common_cause,pearson_levels,30,30,30,1,1,0.884296691777972,1,1,0.884296691777972,1,any_dependence
shared_patient_factor,dependent_common_cause,spearman_beta,30,30,30,1,1,0.884296691777972,1,1,0.884296691777972,1,any_dependence
shared_patient_factor,dependent_common_cause,spearman_levels,30,30,30,1,1,0.884296691777972,1,1,0.884296691777972,1,any_dependence
shared_patient_factor,dependent_common_cause,xi_levels_mean,30,30,30,1,1,0.884296691777972,1,1,0.884296691777972,1,any_dependence
shared_patient_factor,dependent_common_cause,dcor_beta,30,30,30,1,1,0.884296691777972,1,1,0.884296691777972,1,any_dependence
shared_patient_factor,dependent_common_cause,dcor_levels,30,30,30,1,1,0.884296691777972,1,1,0.884296691777972,1,any_dependence
shared_patient_factor,dependent_common_cause,unbiased_dcov2_levels,30,30,30,1,1,0.884296691777972,1,1,0.884296691777972,1,any_dependence
