tissue,method,cgID,masked,calls
Normal,SHARP.cpg,cg01731685,FALSE,0
Normal,SHARP.cpg,cg03304299,FALSE,0
Normal,SHARP.cpg,cg25563983,TRUE,0
Normal,SHARP.cpg,cg20009101,FALSE,1
Normal,SHARP.cpg,cg17204569,TRUE,0
Normal,SHARP.cpg,cg03966099,TRUE,0
Normal,SHARP.cpg,cg13472645,TRUE,0
Normal,SHARP.cpg,cg01474260,TRUE,0
Normal,SHARP.cpg,cg15668074,TRUE,0
Normal,SHARP.cpg,cg16234298,TRUE,0
Normal,SHARP.cpg,cg20353484,FALSE,0
Normal,SHARP.cpg,cg07885834,TRUE,0
Normal,SHARP.region,cg01731685,FALSE,0
Normal,SHARP.region,cg03304299,FALSE,0
Normal,SHARP.region,cg25563983,TRUE,0
Normal,SHARP.region,cg20009101,FALSE,1
Normal,SHARP.region,cg17204569,TRUE,0
Normal,SHARP.region,cg03966099,TRUE,0
Normal,SHARP.region,cg13472645,TRUE,0
Normal,SHARP.region,cg01474260,TRUE,0
Normal,SHARP.region,cg15668074,TRUE,0
Normal,SHARP.region,cg16234298,TRUE,0
Normal,SHARP.region,cg20353484,FALSE,0
Normal,SHARP.region,cg07885834,TRUE,0
Normal,ext.recon,cg01731685,FALSE,5
Normal,ext.recon,cg03304299,FALSE,2
Normal,ext.recon,cg25563983,TRUE,8
Normal,ext.recon,cg20009101,FALSE,4
Normal,ext.recon,cg17204569,TRUE,4
Normal,ext.recon,cg03966099,TRUE,3
Normal,ext.recon,cg13472645,TRUE,5
Normal,ext.recon,cg01474260,TRUE,5
Normal,ext.recon,cg15668074,TRUE,1
Normal,ext.recon,cg16234298,TRUE,3
Normal,ext.recon,cg20353484,FALSE,2
Normal,ext.recon,cg07885834,TRUE,0
Tumor,SHARP.cpg,cg01731685,FALSE,1
Tumor,SHARP.cpg,cg03304299,FALSE,0
Tumor,SHARP.cpg,cg25563983,TRUE,0
Tumor,SHARP.cpg,cg20009101,FALSE,0
Tumor,SHARP.cpg,cg17204569,TRUE,0
Tumor,SHARP.cpg,cg03966099,TRUE,0
Tumor,SHARP.cpg,cg13472645,TRUE,0
Tumor,SHARP.cpg,cg01474260,TRUE,0
Tumor,SHARP.cpg,cg15668074,TRUE,0
Tumor,SHARP.cpg,cg16234298,TRUE,0
Tumor,SHARP.cpg,cg20353484,FALSE,0
Tumor,SHARP.cpg,cg07885834,TRUE,0
Tumor,SHARP.region,cg01731685,FALSE,0
Tumor,SHARP.region,cg03304299,FALSE,0
Tumor,SHARP.region,cg25563983,TRUE,0
Tumor,SHARP.region,cg20009101,FALSE,0
Tumor,SHARP.region,cg17204569,TRUE,0
Tumor,SHARP.region,cg03966099,TRUE,0
Tumor,SHARP.region,cg13472645,TRUE,0
Tumor,SHARP.region,cg01474260,TRUE,0
Tumor,SHARP.region,cg15668074,TRUE,0
Tumor,SHARP.region,cg16234298,TRUE,0
Tumor,SHARP.region,cg20353484,FALSE,0
Tumor,SHARP.region,cg07885834,TRUE,0
Tumor,ext.recon,cg01731685,FALSE,9
Tumor,ext.recon,cg03304299,FALSE,2
Tumor,ext.recon,cg25563983,TRUE,14
Tumor,ext.recon,cg20009101,FALSE,8
Tumor,ext.recon,cg17204569,TRUE,10
Tumor,ext.recon,cg03966099,TRUE,9
Tumor,ext.recon,cg13472645,TRUE,21
Tumor,ext.recon,cg01474260,TRUE,14
Tumor,ext.recon,cg15668074,TRUE,21
Tumor,ext.recon,cg16234298,TRUE,9
Tumor,ext.recon,cg20353484,FALSE,11
Tumor,ext.recon,cg07885834,TRUE,12
