scenario,truth,method_a,method_b,replicates,a_only,b_only,difference_a_minus_b
independent_bin_boundary,independent_null,xi_levels_mean,dcor_levels,400,0,0,0
independent_continuous,independent_null,xi_levels_mean,dcor_levels,400,8,15,-0.0174999999999999
independent_sparse,independent_null,xi_levels_mean,dcor_levels,400,0,0,0
inverse_linear,dependent,xi_levels_mean,dcor_levels,400,0,0,0
nonlinear_u,dependent,xi_levels_mean,dcor_levels,400,102,0,0.255
offset_linear,dependent,xi_levels_mean,dcor_levels,400,2,2,0
positive_linear,dependent,xi_levels_mean,dcor_levels,400,0,0,0
shared_patient_factor,dependent_common_cause,xi_levels_mean,dcor_levels,400,0,0,0
within_low_bin,dependent,xi_levels_mean,dcor_levels,400,0,0,0
independent_bin_boundary,independent_null,pearson_beta,pearson_levels,400,27,5,0.055
independent_continuous,independent_null,pearson_beta,pearson_levels,400,3,5,-0.00500000000000006
independent_sparse,independent_null,pearson_beta,pearson_levels,400,0,0,0
inverse_linear,dependent,pearson_beta,pearson_levels,400,0,0,0
nonlinear_u,dependent,pearson_beta,pearson_levels,400,6,9,-0.00750000000000001
offset_linear,dependent,pearson_beta,pearson_levels,400,13,0,0.0325
positive_linear,dependent,pearson_beta,pearson_levels,400,0,0,0
shared_patient_factor,dependent_common_cause,pearson_beta,pearson_levels,400,0,0,0
within_low_bin,dependent,pearson_beta,pearson_levels,400,400,0,1
independent_bin_boundary,independent_null,dcor_beta,dcor_levels,400,18,5,0.0325
independent_continuous,independent_null,dcor_beta,dcor_levels,400,1,4,-0.00749999999999999
independent_sparse,independent_null,dcor_beta,dcor_levels,400,0,0,0
inverse_linear,dependent,dcor_beta,dcor_levels,400,0,0,0
nonlinear_u,dependent,dcor_beta,dcor_levels,400,18,12,0.015
offset_linear,dependent,dcor_beta,dcor_levels,400,19,0,0.0475
positive_linear,dependent,dcor_beta,dcor_levels,400,0,0,0
shared_patient_factor,dependent_common_cause,dcor_beta,dcor_levels,400,0,0,0
within_low_bin,dependent,dcor_beta,dcor_levels,400,400,0,1
independent_bin_boundary,independent_null,spearman_beta,spearman_levels,400,25,4,0.0525
independent_continuous,independent_null,spearman_beta,spearman_levels,400,2,6,-0.01
independent_sparse,independent_null,spearman_beta,spearman_levels,400,0,0,0
inverse_linear,dependent,spearman_beta,spearman_levels,400,0,0,0
nonlinear_u,dependent,spearman_beta,spearman_levels,400,8,10,-0.00500000000000006
offset_linear,dependent,spearman_beta,spearman_levels,400,13,0,0.0325
positive_linear,dependent,spearman_beta,spearman_levels,400,0,0,0
shared_patient_factor,dependent_common_cause,spearman_beta,spearman_levels,400,0,0,0
within_low_bin,dependent,spearman_beta,spearman_levels,400,400,0,1
