pair_set,gap_bin,measure,pairs,defined,defined_share,mean,median,q25,q75
complete_site_bridge,"(200,500]",agreement_exact,666,666,1,0.407490824157491,0.333333333333333,0.111111111111111,0.722222222222222
complete_site_bridge,"(10000,Inf]",agreement_exact,891,891,1,0.249095897244045,0.166666666666667,0,0.388888888888889
complete_site_bridge,"(1000,10000]",agreement_exact,2485,2485,1,0.245741113346747,0.166666666666667,0.0555555555555556,0.388888888888889
complete_site_bridge,"(100,200]",agreement_exact,368,368,1,0.598882850241546,0.666666666666667,0.333333333333333,0.833333333333333
complete_site_bridge,"(500,1000]",agreement_exact,562,562,1,0.26087386318703,0.166666666666667,0.0555555555555556,0.444444444444444
complete_site_bridge,"(50,100]",agreement_exact,376,376,1,0.589982269503546,0.666666666666667,0.333333333333333,0.833333333333333
complete_site_bridge,"(10,50]",agreement_exact,542,542,1,0.657646576465765,0.777777777777778,0.444444444444444,0.888888888888889
complete_site_bridge,"(0,10]",agreement_exact,9,9,1,0.777777777777778,0.833333333333333,0.777777777777778,0.944444444444444
true_consecutive,"(10,50]",agreement_exact,12496,12496,1,0.602801785460236,0.611111111111111,0.388888888888889,0.833333333333333
true_consecutive,"(0,10]",agreement_exact,18968,18968,1,0.764996016683068,0.833333333333333,0.611111111111111,0.944444444444444
true_consecutive,"(50,100]",agreement_exact,1116,1116,1,0.398496614894464,0.388888888888889,0.166666666666667,0.555555555555556
true_consecutive,"(100,200]",agreement_exact,83,83,1,0.34805890227577,0.333333333333333,0.166666666666667,0.5
true_consecutive,"(200,500]",agreement_exact,1,1,1,0.333333333333333,0.333333333333333,0.333333333333333,0.333333333333333
complete_site_bridge,"(200,500]",agreement_within_one,666,666,1,0.598598598598599,0.611111111111111,0.333333333333333,0.888888888888889
complete_site_bridge,"(10000,Inf]",agreement_within_one,891,891,1,0.420314253647587,0.444444444444444,0.111111111111111,0.666666666666667
complete_site_bridge,"(1000,10000]",agreement_within_one,2485,2485,1,0.430225799239884,0.444444444444444,0.166666666666667,0.666666666666667
complete_site_bridge,"(100,200]",agreement_within_one,368,368,1,0.77506038647343,0.888888888888889,0.611111111111111,0.944444444444444
complete_site_bridge,"(500,1000]",agreement_within_one,562,562,1,0.457789640173982,0.444444444444444,0.222222222222222,0.722222222222222
complete_site_bridge,"(50,100]",agreement_within_one,376,376,1,0.778664302600473,0.888888888888889,0.666666666666667,0.944444444444444
complete_site_bridge,"(10,50]",agreement_within_one,542,542,1,0.829130791307913,0.944444444444444,0.777777777777778,1
complete_site_bridge,"(0,10]",agreement_within_one,9,9,1,0.87037037037037,0.944444444444444,0.888888888888889,1
true_consecutive,"(10,50]",agreement_within_one,12496,12496,1,0.794231931996017,0.888888888888889,0.666666666666667,0.944444444444444
true_consecutive,"(0,10]",agreement_within_one,18968,18968,1,0.901407048127841,0.944444444444444,0.888888888888889,1
true_consecutive,"(50,100]",agreement_within_one,1116,1116,1,0.633213859020311,0.666666666666667,0.444444444444444,0.833333333333333
true_consecutive,"(100,200]",agreement_within_one,83,83,1,0.5809906291834,0.555555555555556,0.388888888888889,0.75
true_consecutive,"(200,500]",agreement_within_one,1,1,1,0.555555555555556,0.555555555555556,0.555555555555556,0.555555555555556
complete_site_bridge,"(200,500]",ordinal_similarity,666,666,1,0.803247692136581,0.839506172839506,0.722222222222222,0.950617283950617
complete_site_bridge,"(10000,Inf]",ordinal_similarity,891,891,1,0.640541214615289,0.734567901234568,0.5,0.858024691358025
complete_site_bridge,"(1000,10000]",ordinal_similarity,2485,2485,1,0.673311473780957,0.746913580246914,0.574074074074074,0.851851851851852
complete_site_bridge,"(100,200]",ordinal_similarity,368,368,1,0.894206253354804,0.938271604938272,0.833333333333333,0.975308641975309
complete_site_bridge,"(500,1000]",ordinal_similarity,562,562,1,0.707668819471904,0.759259259259259,0.598765432098765,0.864197530864198
complete_site_bridge,"(50,100]",ordinal_similarity,376,376,1,0.894355791962175,0.938271604938272,0.845679012345679,0.975308641975309
complete_site_bridge,"(10,50]",ordinal_similarity,542,542,1,0.918693909161314,0.95679012345679,0.888888888888889,0.981481481481481
complete_site_bridge,"(0,10]",ordinal_similarity,9,9,1,0.934156378600823,0.969135802469136,0.95679012345679,0.987654320987654
true_consecutive,"(10,50]",ordinal_similarity,12496,12496,1,0.905878029117466,0.932098765432099,0.864197530864198,0.981481481481481
true_consecutive,"(0,10]",ordinal_similarity,18968,18968,1,0.952130879297686,0.975308641975309,0.932098765432099,0.993827160493827
true_consecutive,"(50,100]",ordinal_similarity,1116,1116,1,0.833123147041905,0.858024691358025,0.777777777777778,0.919753086419753
true_consecutive,"(100,200]",ordinal_similarity,83,83,1,0.808493232188011,0.82716049382716,0.753086419753086,0.901234567901234
true_consecutive,"(200,500]",ordinal_similarity,1,1,1,0.759259259259259,0.759259259259259,0.759259259259259,0.759259259259259
complete_site_bridge,"(200,500]",beta_MAE,666,666,1,0.197865934411078,0.166463444444444,0.0652013138888889,0.270690840277778
complete_site_bridge,"(10000,Inf]",beta_MAE,891,891,1,0.354377852575134,0.252286166666667,0.154770666666667,0.484834813888889
complete_site_bridge,"(1000,10000]",beta_MAE,2485,2485,1,0.322062908551308,0.2499285,0.157995055555556,0.410124883333333
complete_site_bridge,"(100,200]",beta_MAE,368,368,1,0.111736131906703,0.0741533388888889,0.0361239444444444,0.168161736111111
complete_site_bridge,"(500,1000]",beta_MAE,562,562,1,0.28839528937327,0.241226047222222,0.1479661875,0.377028986111111
complete_site_bridge,"(50,100]",beta_MAE,376,376,1,0.111670101536643,0.0741344666666667,0.0403559138888889,0.156837666666667
complete_site_bridge,"(10,50]",beta_MAE,542,542,1,0.0887075277880279,0.0520315694444444,0.0302658763888889,0.121159573611111
complete_site_bridge,"(0,10]",beta_MAE,9,9,1,0.0709604048765432,0.0346747333333333,0.0231481277777778,0.0546803216666667
true_consecutive,"(10,50]",beta_MAE,12496,12496,1,0.0986849475818484,0.0778904194444445,0.0327653083333333,0.138820188888889
true_consecutive,"(0,10]",beta_MAE,18968,18968,1,0.0537715812280039,0.0328266583333333,0.0149774763888889,0.0729839180555556
true_consecutive,"(50,100]",beta_MAE,1116,1116,1,0.167464057068897,0.143679583333333,0.0921359958333333,0.214729380555556
true_consecutive,"(100,200]",beta_MAE,83,83,1,0.189217157697456,0.174205666666667,0.104863555555556,0.230282847222222
true_consecutive,"(200,500]",beta_MAE,1,1,1,0.241734555555556,0.241734555555556,0.241734555555556,0.241734555555556
complete_site_bridge,"(200,500]",beta_RMSE,666,666,1,0.250992860178752,0.231554285826941,0.110851394649737,0.33824185377805
complete_site_bridge,"(10000,Inf]",beta_RMSE,891,891,1,0.40891753149961,0.33148133521353,0.214688438316457,0.549703377852421
complete_site_bridge,"(1000,10000]",beta_RMSE,2485,2485,1,0.379708971822075,0.326234928419264,0.219461845051202,0.477021905858391
complete_site_bridge,"(100,200]",beta_RMSE,368,368,1,0.163625632233682,0.127150798247643,0.0733557687367508,0.244072492526639
complete_site_bridge,"(500,1000]",beta_RMSE,562,562,1,0.346679435672717,0.310929445612374,0.209592797893986,0.437944852707689
complete_site_bridge,"(50,100]",beta_RMSE,376,376,1,0.164817179285704,0.125152228203434,0.0703526136378926,0.237558183501057
complete_site_bridge,"(10,50]",beta_RMSE,542,542,1,0.134983281905918,0.0963410169006465,0.0595768382026455,0.184189126957668
complete_site_bridge,"(0,10]",beta_RMSE,9,9,1,0.117065112805661,0.0793164126463888,0.0505959641783534,0.112125317689648
true_consecutive,"(10,50]",beta_RMSE,12496,12496,1,0.147063305701006,0.125489804238485,0.0651441019639986,0.202761032389258
true_consecutive,"(0,10]",beta_RMSE,18968,18968,1,0.0919969599875564,0.0673646519533463,0.0365709703364567,0.123723016112509
true_consecutive,"(50,100]",beta_RMSE,1116,1116,1,0.225847944777196,0.201496565776213,0.140605057930762,0.293613280468792
true_consecutive,"(100,200]",beta_RMSE,83,83,1,0.255880456168991,0.24085663833089,0.16479443668869,0.318362692113814
true_consecutive,"(200,500]",beta_RMSE,1,1,1,0.33790029129924,0.33790029129924,0.33790029129924,0.33790029129924
complete_site_bridge,"(200,500]",kappa_quadratic,666,654,0.981981981981982,0.130216296357068,0.0308405659255735,-0.0204266966820999,0.265121587817981
complete_site_bridge,"(10000,Inf]",kappa_quadratic,891,890,0.998877665544332,0.100254238914958,0.0103444798465521,-0.00442651853031251,0.183393661015934
complete_site_bridge,"(1000,10000]",kappa_quadratic,2485,2480,0.997987927565392,0.0909253580347789,0.0191115372323426,-0.01244640286629,0.17769317540891
complete_site_bridge,"(100,200]",kappa_quadratic,368,359,0.97554347826087,0.0975731350395879,4.44089209850063e-16,-0.0588235294117645,0.210923535253227
complete_site_bridge,"(500,1000]",kappa_quadratic,562,562,1,0.115252889706806,0.0485135417391908,-0.00820333799918899,0.20771230167763
complete_site_bridge,"(50,100]",kappa_quadratic,376,369,0.981382978723404,0.127911253392268,4.44089209850063e-15,-0.043887147335423,0.25
complete_site_bridge,"(10,50]",kappa_quadratic,542,526,0.970479704797048,0.123745903195592,4.44089209850063e-15,-0.0461740435108782,0.248584905660377
complete_site_bridge,"(0,10]",kappa_quadratic,9,8,0.888888888888889,0.252527399800834,0.236749915408871,8.32667268468867e-17,0.452766798418972
true_consecutive,"(10,50]",kappa_quadratic,12496,11798,0.944142125480154,0.343148191560413,0.321428571428572,4.44089209850063e-15,0.64
true_consecutive,"(0,10]",kappa_quadratic,18968,16766,0.883909742724589,0.367829541843744,0.330600121974059,4.44089209850063e-15,0.713019006444245
true_consecutive,"(50,100]",kappa_quadratic,1116,1110,0.994623655913978,0.298849757392044,0.270129341392365,0.0336593882085639,0.53912232129092
true_consecutive,"(100,200]",kappa_quadratic,83,83,1,0.300855958675455,0.272638753651414,0.0939780571267311,0.48580148959586
true_consecutive,"(200,500]",kappa_quadratic,1,1,1,0.491443332257023,0.491443332257023,0.491443332257023,0.491443332257023
complete_site_bridge,"(200,500]",concordance_raw,666,666,1,0.142623955397401,0.0665885808208074,-0.0124383796997252,0.291430929930741
complete_site_bridge,"(10000,Inf]",concordance_raw,891,891,1,0.101931943153461,0.0162251179640974,-0.00416256094253353,0.195002709954091
complete_site_bridge,"(1000,10000]",concordance_raw,2485,2484,0.999597585513078,0.0938983451383577,0.0292392758542557,-0.0101910639221526,0.180569130389851
complete_site_bridge,"(100,200]",concordance_raw,368,368,1,0.118675080949999,0.0665194641974305,-0.0369214374666578,0.236261019433036
complete_site_bridge,"(500,1000]",concordance_raw,562,562,1,0.117126361832808,0.0525450965428186,-0.00808226158121694,0.215200747224208
complete_site_bridge,"(50,100]",concordance_raw,376,375,0.997340425531915,0.151571384484492,0.0844911066474635,-0.039383663006043,0.294831076806017
complete_site_bridge,"(10,50]",concordance_raw,542,541,0.998154981549816,0.150622369864651,0.080018742122028,-0.0317987264282996,0.315034938346153
complete_site_bridge,"(0,10]",concordance_raw,9,9,1,0.338734648414539,0.354870385199088,0.0459448074745668,0.518345074263027
true_consecutive,"(10,50]",concordance_raw,12496,12415,0.993517925736236,0.362063829433119,0.353947751220001,0.0710119128496288,0.636464287790777
true_consecutive,"(0,10]",concordance_raw,18968,18661,0.983814846056516,0.39572166427847,0.396190970731263,0.0534544920749478,0.705204238091034
true_consecutive,"(50,100]",concordance_raw,1116,1115,0.99910394265233,0.299923622350694,0.267364704727699,0.0599944874784627,0.529996522054652
true_consecutive,"(100,200]",concordance_raw,83,83,1,0.304772062641551,0.256336626512111,0.0856864823605751,0.463321651598674
true_consecutive,"(200,500]",concordance_raw,1,1,1,0.484950543310483,0.484950543310483,0.484950543310483,0.484950543310483
complete_site_bridge,"(200,500]",pearson_raw,666,641,0.962462462462462,0.199661071532151,0.183408803537677,-0.0439702593659763,0.415270024478884
complete_site_bridge,"(10000,Inf]",pearson_raw,891,858,0.962962962962963,0.14863584531487,0.131473974476457,-0.0601019810233861,0.346571891479368
complete_site_bridge,"(1000,10000]",pearson_raw,2485,2423,0.975050301810865,0.145723429001487,0.133947577928969,-0.0646290507875451,0.338836951129793
complete_site_bridge,"(100,200]",pearson_raw,368,342,0.929347826086957,0.164259358699802,0.129434646696179,-0.0834106538928912,0.371675658050711
complete_site_bridge,"(500,1000]",pearson_raw,562,554,0.98576512455516,0.16644797880259,0.153917064563891,-0.0509700264985025,0.366618146876728
complete_site_bridge,"(50,100]",pearson_raw,376,361,0.960106382978723,0.197390691607448,0.161954260643634,-0.0753356241351007,0.407932978216887
complete_site_bridge,"(10,50]",pearson_raw,542,504,0.929889298892989,0.198128362982597,0.152254190183977,-0.0703073364383614,0.423102662612409
complete_site_bridge,"(0,10]",pearson_raw,9,8,0.888888888888889,0.420864739438802,0.432732191019991,0.28648465440943,0.537201850967226
true_consecutive,"(10,50]",pearson_raw,12496,12007,0.96086747759283,0.429572099825567,0.478221904499945,0.155481931053088,0.721856394969286
true_consecutive,"(0,10]",pearson_raw,18968,17534,0.924398987768874,0.463153512036721,0.514713501497075,0.162643045675119,0.777420551840878
true_consecutive,"(50,100]",pearson_raw,1116,1099,0.984767025089606,0.373302139713638,0.395944210543142,0.128770554781602,0.640304767057622
true_consecutive,"(100,200]",pearson_raw,83,83,1,0.373239268929844,0.392465801660467,0.149142355254651,0.618370439197433
true_consecutive,"(200,500]",pearson_raw,1,1,1,0.543780254116675,0.543780254116675,0.543780254116675,0.543780254116675
complete_site_bridge,"(200,500]",spearman_raw,666,641,0.962462462462462,0.189669789478182,0.191672327416033,-0.0145050770835287,0.399528303206471
complete_site_bridge,"(10000,Inf]",spearman_raw,891,858,0.962962962962963,0.127402686402685,0.129574721621699,-0.0649825051680456,0.315244188478377
complete_site_bridge,"(1000,10000]",spearman_raw,2485,2423,0.975050301810865,0.129076346438669,0.120804856178139,-0.0583204863658289,0.314559034084
complete_site_bridge,"(100,200]",spearman_raw,368,342,0.929347826086957,0.172067974962246,0.175646683165793,-0.0240215497678201,0.33960995512125
complete_site_bridge,"(500,1000]",spearman_raw,562,554,0.98576512455516,0.145466942826107,0.126768124239542,-0.0553116576857987,0.336477043969039
complete_site_bridge,"(50,100]",spearman_raw,376,361,0.960106382978723,0.202588510323675,0.214155283715289,-0.0154522750829565,0.396489469461168
complete_site_bridge,"(10,50]",spearman_raw,542,504,0.929889298892989,0.194729464967485,0.191656090114315,-0.0307617599765636,0.412735301043673
complete_site_bridge,"(0,10]",spearman_raw,9,8,0.888888888888889,0.38325270203841,0.341604849109088,0.285720418235303,0.398788001520466
true_consecutive,"(10,50]",spearman_raw,12496,12007,0.96086747759283,0.405414385706587,0.434171727173111,0.210910134315034,0.63304683155367
true_consecutive,"(0,10]",spearman_raw,18968,17534,0.924398987768874,0.445891865177587,0.48140045186526,0.248315400342159,0.676055115610186
true_consecutive,"(50,100]",spearman_raw,1116,1099,0.984767025089606,0.340593853065357,0.361375587522645,0.131783850942795,0.554082305896179
true_consecutive,"(100,200]",spearman_raw,83,83,1,0.335317106107569,0.342092904905784,0.166769459838396,0.537954491327524
true_consecutive,"(200,500]",spearman_raw,1,1,1,0.498234475575779,0.498234475575779,0.498234475575779,0.498234475575779
complete_site_bridge,"(200,500]",spearman_levels,666,577,0.866366366366366,0.178406238119072,0.187366234475718,-0.0693798034694459,0.405813642258276
complete_site_bridge,"(10000,Inf]",spearman_levels,891,818,0.918069584736251,0.136034752865986,0.136853478031778,-0.0662590347592849,0.326681678255123
complete_site_bridge,"(1000,10000]",spearman_levels,2485,2302,0.92635814889336,0.129280273444839,0.125241305691104,-0.0736935511536855,0.312261094143606
complete_site_bridge,"(100,200]",spearman_levels,368,284,0.771739130434783,0.14229936029972,0.127180019593136,-0.0857492925712544,0.338967687303573
complete_site_bridge,"(500,1000]",spearman_levels,562,531,0.944839857651246,0.154173210914632,0.152992549503435,-0.0688091350653242,0.361621652223787
complete_site_bridge,"(50,100]",spearman_levels,376,295,0.784574468085106,0.177628744995837,0.158065507947471,-0.0857492925712544,0.404188275730283
complete_site_bridge,"(10,50]",spearman_levels,542,391,0.72140221402214,0.178840870376577,0.165237804334411,-0.0857492925712544,0.434738392426728
complete_site_bridge,"(0,10]",spearman_levels,9,5,0.555555555555556,0.491429225999181,0.496177616273403,0.420443579243088,0.54232614454664
true_consecutive,"(10,50]",spearman_levels,12496,10354,0.828585147247119,0.417217206795304,0.464280508803107,0.195471567741591,0.664379112838057
true_consecutive,"(0,10]",spearman_levels,18968,13231,0.697543230704344,0.481401367691129,0.54232614454664,0.263553978351144,0.727606875108999
true_consecutive,"(50,100]",spearman_levels,1116,1059,0.948924731182796,0.347663688499293,0.37375928052465,0.135958657633622,0.574059722133206
true_consecutive,"(100,200]",spearman_levels,83,81,0.975903614457831,0.327309245454864,0.342285840497311,0.147922414694509,0.503191481922888
true_consecutive,"(200,500]",spearman_levels,1,1,1,0.499232098547264,0.499232098547264,0.499232098547264,0.499232098547264
complete_site_bridge,"(200,500]",xi_xy,666,637,0.956456456456456,0.0332663919621343,0,-0.0385197326944899,0.0816326530612245
complete_site_bridge,"(10000,Inf]",xi_xy,891,858,0.962962962962963,0.0274676181886727,0,-0.0382178936286904,0.0672002818015021
complete_site_bridge,"(1000,10000]",xi_xy,2485,2419,0.973440643863179,0.0237604146973408,0,-0.0436122767433524,0.0667404129793511
complete_site_bridge,"(100,200]",xi_xy,368,342,0.929347826086957,0.0257480756050346,0,-0.025735294117647,0.0398377930548595
complete_site_bridge,"(500,1000]",xi_xy,562,548,0.97508896797153,0.0358371097466731,0.00515885852220599,-0.0392832257105368,0.0821413272853865
complete_site_bridge,"(50,100]",xi_xy,376,353,0.938829787234043,0.0401861441707091,0,-0.0256603773584907,0.0735294117647058
complete_site_bridge,"(10,50]",xi_xy,542,494,0.911439114391144,0.0347475923313868,0,-0.025735294117647,0.064179078894256
complete_site_bridge,"(0,10]",xi_xy,9,6,0.666666666666667,0.0819021107290275,0.110025851136475,0.0256011608623549,0.119281591141129
true_consecutive,"(10,50]",xi_xy,12496,11053,0.88452304737516,0.150632643174836,0.104017857142857,-0.00499594923035374,0.275897790055249
true_consecutive,"(0,10]",xi_xy,18968,14896,0.785322648671447,0.181440821434532,0.12484993997599,0,0.343243243243243
true_consecutive,"(50,100]",xi_xy,1116,1076,0.96415770609319,0.116909639781049,0.0743472314533352,-0.0124898208469055,0.222791244485633
true_consecutive,"(100,200]",xi_xy,83,82,0.987951807228916,0.0715608102729138,0.0305404650152569,-0.0524581803345575,0.177156045840223
true_consecutive,"(200,500]",xi_xy,1,1,1,0.0879873551106429,0.0879873551106429,0.0879873551106429,0.0879873551106429
complete_site_bridge,"(200,500]",xi_yx,666,594,0.891891891891892,0.0399162794218132,0.00416991775341641,-0.0278352288790339,0.0993810733202649
complete_site_bridge,"(10000,Inf]",xi_yx,891,850,0.953984287317621,0.0267710294114194,-0.00112834978843446,-0.0446869977104047,0.0636116615152073
complete_site_bridge,"(1000,10000]",xi_yx,2485,2359,0.949295774647887,0.0251867290595531,0,-0.0489995998399361,0.0773645992439702
complete_site_bridge,"(100,200]",xi_yx,368,301,0.817934782608696,0.0277897820864818,-0.0147058823529411,-0.027681660899654,0.0616883116883117
complete_site_bridge,"(500,1000]",xi_yx,562,544,0.96797153024911,0.032820070187359,0.000711407541883036,-0.0400004010170271,0.0818863182187953
complete_site_bridge,"(50,100]",xi_yx,376,311,0.827127659574468,0.0442629317700047,-0.010204081632653,-0.027681660899654,0.0818269803269742
complete_site_bridge,"(10,50]",xi_yx,542,423,0.780442804428044,0.0424357907808041,-0.00446428571428581,-0.027681660899654,0.0873203925269967
complete_site_bridge,"(0,10]",xi_yx,9,7,0.777777777777778,0.0990165071527465,0.117647058823529,0.0262710262710263,0.158522042881233
true_consecutive,"(10,50]",xi_yx,12496,11099,0.888204225352113,0.149480719334279,0.101274787535411,-0.00152437701967079,0.273218850243997
true_consecutive,"(0,10]",xi_yx,18968,15101,0.796130324757486,0.177642417872238,0.11764705882353,0,0.337012320328542
true_consecutive,"(50,100]",xi_yx,1116,1093,0.979390681003584,0.107211036697103,0.0612486544671691,-0.0128556375131716,0.20509125840538
true_consecutive,"(100,200]",xi_yx,83,82,0.987951807228916,0.0828148562332214,0.0648437297980395,-0.000763725893483669,0.181934575686263
true_consecutive,"(200,500]",xi_yx,1,1,1,0.0817120622568094,0.0817120622568094,0.0817120622568094,0.0817120622568094
complete_site_bridge,"(200,500]",xi_mean,666,577,0.866366366366366,0.0389089789050577,0.00209211427517714,-0.0350507508755269,0.0922416973168853
complete_site_bridge,"(10000,Inf]",xi_mean,891,818,0.918069584736251,0.0283145424239534,-0.00546827549508244,-0.0382509428289092,0.0659027191720197
complete_site_bridge,"(1000,10000]",xi_mean,2485,2302,0.92635814889336,0.025389213076532,-0.00237622032916748,-0.0435613907665813,0.0768344586041544
complete_site_bridge,"(100,200]",xi_mean,368,284,0.771739130434783,0.0302298701847761,-0.0184127954411338,-0.027681660899654,0.0587910037473945
complete_site_bridge,"(500,1000]",xi_mean,562,531,0.944839857651246,0.035304005953955,0.00450729223315372,-0.0339693892749872,0.0866545802390618
complete_site_bridge,"(50,100]",xi_mean,376,295,0.784574468085106,0.0473753909707318,-0.00831150027578598,-0.0260729291716687,0.0919655161559071
complete_site_bridge,"(10,50]",xi_mean,542,391,0.72140221402214,0.0449049234168609,-0.00927784665267978,-0.0268091775942077,0.0855512156482051
complete_site_bridge,"(0,10]",xi_mean,9,5,0.555555555555556,0.118452821444339,0.120627503337784,0.117647058823529,0.149010078891658
true_consecutive,"(10,50]",xi_mean,12496,10354,0.828585147247119,0.160519080012682,0.11941647302782,-0.00795984182498664,0.287631969552567
true_consecutive,"(0,10]",xi_mean,18968,13231,0.697543230704344,0.203511474128088,0.178176575860012,-0.000564174894217229,0.380120491381768
true_consecutive,"(50,100]",xi_mean,1116,1059,0.948924731182796,0.114719752367489,0.0751078338374528,-0.0121955084475976,0.214800273586511
true_consecutive,"(100,200]",xi_mean,83,81,0.975903614457831,0.0781407694660684,0.0466740574466839,-0.0248883528870052,0.181031984289027
true_consecutive,"(200,500]",xi_mean,1,1,1,0.0848497086837262,0.0848497086837262,0.0848497086837262,0.0848497086837262
complete_site_bridge,"(200,500]",xi_max,666,577,0.866366366366366,0.0719727580343925,0.0350746268656716,-0.0232634338138926,0.139285714285714
complete_site_bridge,"(10000,Inf]",xi_max,891,818,0.918069584736251,0.0633454789020555,0.0213657408657976,-0.01953125,0.112027055216215
complete_site_bridge,"(1000,10000]",xi_max,2485,2302,0.92635814889336,0.0603638558028705,0.024597723983313,-0.0210084033613445,0.117628832909682
complete_site_bridge,"(100,200]",xi_max,368,284,0.771739130434783,0.0550608728753892,0.00382148569766716,-0.0237664878200131,0.101843629022879
complete_site_bridge,"(500,1000]",xi_max,562,531,0.944839857651246,0.0712643138148045,0.0357142857142857,-0.0126772211720227,0.128477637434059
complete_site_bridge,"(50,100]",xi_max,376,295,0.784574468085106,0.0789352278564358,0.0101851090086384,-0.0235294117647058,0.151210602912913
complete_site_bridge,"(10,50]",xi_max,542,391,0.72140221402214,0.0701118222072237,0.0124338624338624,-0.025735294117647,0.119562462132997
complete_site_bridge,"(0,10]",xi_max,9,5,0.555555555555556,0.138623110013845,0.121428571428571,0.11764705882353,0.195615514333895
true_consecutive,"(10,50]",xi_max,12496,10354,0.828585147247119,0.193035228321867,0.160906518345043,0.0193080635314079,0.332993122063175
true_consecutive,"(0,10]",xi_max,18968,13231,0.697543230704344,0.23239580110265,0.205882352941177,0.0257537087077169,0.437261551504875
true_consecutive,"(50,100]",xi_max,1116,1059,0.948924731182796,0.147997228613705,0.112108960763521,0.00925395768037113,0.25663542263137
true_consecutive,"(100,200]",xi_max,83,81,0.975903614457831,0.115404734806357,0.089285714285714,0.000386996904024772,0.199950199203187
true_consecutive,"(200,500]",xi_max,1,1,1,0.0879873551106429,0.0879873551106429,0.0879873551106429,0.0879873551106429
