"sample","biological_neg1","biological_pos1","total_biological_flags"
"N37",1,10,11
"N49",6,1,7
"N10",5,0,5
"N15",0,3,3
"N16",3,0,3
"N17",2,1,3
"N21",2,1,3
"N22",2,1,3
"N46",1,2,3
"N11",2,0,2
"N14",1,1,2
"N18",2,0,2
"N19",2,0,2
"N35",1,1,2
"N36",1,1,2
"N39",2,0,2
"N1",1,0,1
"N2",1,0,1
"N3",1,0,1
"N4",1,0,1
"N5",1,0,1
"N6",1,0,1
"N8",1,0,1
"N9",1,0,1
"N12",1,0,1
"N20",1,0,1
"N27",1,0,1
"N28",1,0,1
"N33",1,0,1
"N42",1,0,1
"N48",1,0,1
"N51",1,0,1
"N7",0,0,0
"N13",0,0,0
"N23",0,0,0
"N24",0,0,0
"N25",0,0,0
"N26",0,0,0
"N29",0,0,0
"N30",0,0,0
"N31",0,0,0
"N32",0,0,0
"N34",0,0,0
"N38",0,0,0
"N40",0,0,0
"N41",0,0,0
"N43",0,0,0
"N44",0,0,0
"N45",0,0,0
"N47",0,0,0
"N50",0,0,0
"N52",0,0,0
"N53",0,0,0
