"tissue","method","flag.rate.pct","flags","stability.jaccard","state.rate.ratio","magnitude.H.vs.R","median.abs.dbeta","pct.trivial","pct.contrary","amplification.at.flags"
"Normal","ext.percentile",2.673,9648,0.3288,2.72,0.117,0.078,61.45,52.91,NA
"Normal","ext.floor.med.0.05",1.693,6108,0.7479,5.9,0.243,0.1149,39.11,28.01,NA
"Normal","ext.floor.med.0.10",1.031,3719,0.7928,54.75,0.492,0.153,0,20.97,NA
"Normal","ext.floor.state",1.031,3720,0.7808,3.29,0.155,0.1219,38.55,14.92,NA
"Normal","ext.floor.noise",1.031,3720,0.5837,8.84,0.24,0.1092,43.9,15.7,NA
"Normal","ext.delt",1.031,3720,0.6487,11.17,0.263,0.1372,25.51,17.23,NA
"Normal","bio.stat.dev",1.031,3720,0.7787,1.01,0.175,0.197,18.2,0,NA
"Normal","mad.beta",1.031,3720,0.4293,33.73,0.158,0.0961,53.31,0.11,1
"Normal","asin.mad",1.031,3719,0.3261,13.37,0.168,0.0965,52.68,2.45,1.48
"Normal","mad.mvalue",1.031,3719,0.1919,7.56,0.157,0.1046,46.68,12.13,3.25
"Tumor","ext.percentile",10.222,36889,0.6476,4.32,0.144,0.1382,38.65,26.96,NA
"Tumor","ext.floor.med.0.05",8.13,29339,0.8707,20.11,0.302,0.1798,22.86,14.62,NA
"Tumor","ext.floor.med.0.10",6.272,22633,0.9069,117.04,0.463,0.2239,0,6.51,NA
"Tumor","ext.floor.state",6.272,22634,0.7511,2.96,0.117,0.2239,23.24,21.8,NA
"Tumor","ext.floor.noise",6.272,22634,0.7048,4.97,0.136,0.2239,18.11,15.05,NA
"Tumor","ext.delt",6.272,22633,0.8802,34.55,0.278,0.2103,16.9,9.42,NA
"Tumor","bio.stat.dev",6.272,22633,0.8333,1,0.118,0.1991,32.06,0,NA
"Tumor","mad.beta",6.272,22634,0.6782,5.45,0.128,0.1211,44.15,1.25,1
"Tumor","asin.mad",6.271,22632,0.5456,2.84,0.121,0.1204,44.66,5.81,1.37
"Tumor","mad.mvalue",6.272,22636,0.4292,1.83,0.118,0.1184,45.25,14.6,3.13
