"cgID","chr","pos","end","methy.state.normal","methy.state.tumor","gap.to.previous.bp"
"cg22224202","chr22",11915060,11915061,"HM","HM",NA
"cg03887676","chr22",12095366,12095367,"HM","M",180306
"cg03032015","chr22",12097885,12097886,"M","R",2519
"cg03312332","chr22",12097898,12097899,"HM","HM",13
"cg26835374","chr22",12097959,12097960,"HM","R",61
"cg00004121","chr22",12098133,12098134,"M","R",174
"cg07970541","chr22",15508312,15508313,"M","M",3410179
"cg17204569","chr22",15511444,15511445,"H","HM",3132
"cg05506566","chr22",15554099,15554100,"M","M",42655
"cg05924543","chr22",15554962,15554963,"HM","R",863
"cg04778411","chr22",15572298,15572299,"HM","HM",17336
"cg23921249","chr22",15573292,15573293,"HM","R",994
"cg20501883","chr22",15603422,15603423,"R","R",30130
"cg26685726","chr22",15603441,15603442,"HM","R",19
"cg08711796","chr22",15690052,15690053,"HM","R",86611
"cg15130204","chr22",15690964,15690965,"HM","R",912
"cg15668074","chr22",15721335,15721336,"M","LM",30371
"cg03531177","chr22",15749399,15749400,"HM","R",28064
"cg07885834","chr22",15749417,15749418,"HM","HM",18
"cg07917473","chr22",15750431,15750432,"M","R",1014
"cg21423610","chr22",15759955,15759956,"HM","R",9524
"cg13472645","chr22",15762134,15762135,"HM","R",2179
"cg00555036","chr22",15764181,15764182,"M","R",2047
"cg12153292","chr22",15775889,15775890,"M","R",11708
"cg03944122","chr22",15777580,15777581,"M","M",1691
"cg10030810","chr22",15778092,15778093,"M","R",512
"cg04105722","chr22",15784325,15784326,"M","M",6233
"cg19057994","chr22",15818890,15818891,"HM","R",34565
"cg03966099","chr22",15820367,15820368,"H","HM",1477
"cg26186732","chr22",15821037,15821038,"HM","HM",670
"cg04110531","chr22",15821249,15821250,"M","R",212
"cg19807306","chr22",15822202,15822203,"HM","HM",953
"cg11055967","chr22",15822620,15822621,"HM","R",418
"cg24521010","chr22",15822672,15822673,"HM","R",52
"cg04185470","chr22",15854696,15854697,"H","HM",32024
"cg18605377","chr22",16387048,16387049,"LM","M",532352
"cg03389890","chr22",16387319,16387320,"R","R",271
"cg17036492","chr22",16387738,16387739,"M","M",419
"cg23557769","chr22",16391040,16391041,"HM","HM",3302
"cg07443748","chr22",16592704,16592705,"HM","R",201664
"cg01474260","chr22",16592994,16592995,"HM","R",290
"cg12888097","chr22",16593959,16593960,"HM","HM",965
"cg02601618","chr22",16594156,16594157,"H","R",197
"cg13117439","chr22",16600826,16600827,"R","R",6670
"cg01836687","chr22",16601097,16601098,"LM","R",271
"cg26822097","chr22",16601691,16601692,"LM","R",594
"cg12431879","chr22",16601897,16601898,"LM","R",206
"cg00332021","chr22",16602522,16602523,"LM","R",625
"cg00816224","chr22",16602592,16602593,"LM","R",70
"cg15554678","chr22",16602673,16602674,"LM","LM",81
"cg23572163","chr22",16602837,16602838,"LM","LM",164
"cg20193183","chr22",16606997,16606998,"HM","HM",4160
"cg01024141","chr22",16609246,16609247,"LM","LM",2249
"cg18023096","chr22",16609696,16609697,"LM","LM",450
"cg26581886","chr22",16609972,16609973,"M","M",276
"cg04112787","chr22",16610028,16610029,"LM","R",56
"cg20009101","chr22",16610333,16610334,"LM","R",305
"cg16234298","chr22",16610407,16610408,"R","LM",74
"cg21220873","chr22",16695037,16695038,"HM","HM",84630
"cg05695327","chr22",16696025,16696026,"HM","HM",988
"cg02665031","chr22",16697714,16697715,"HM","HM",1689
"cg03288512","chr22",16697804,16697805,"HM","R",90
"cg13552315","chr22",16697861,16697862,"H","HM",57
"cg06842116","chr22",16701904,16701905,"HM","R",4043
"cg19961720","chr22",16828959,16828960,"HM","R",127055
"cg04037044","chr22",16959719,16959720,"HM","R",130760
"cg07640117","chr22",16959965,16959966,"HM","R",246
"cg04561937","chr22",16962729,16962730,"HM","R",2764
"cg20556786","chr22",17007041,17007042,"H","R",44312
"cg03308092","chr22",17007385,17007386,"R","R",344
"cg20353484","chr22",17007985,17007986,"M","HM",600
"cg13652169","chr22",17008222,17008223,"H","H",237
"cg02432860","chr22",17008297,17008298,"HM","R",75
"cg19091146","chr22",17008303,17008304,"HM","R",6
"cg07155303","chr22",17008477,17008478,"H","R",174
"cg06123976","chr22",17008862,17008863,"HM","HM",385
"cg12370326","chr22",17008872,17008873,"HM","R",10
"cg17654752","chr22",17010940,17010941,"H","HM",2068
"cg13751645","chr22",17032615,17032616,"M","R",21675
"cg06023066","chr22",17034747,17034748,"M","M",2132
"cg10277548","chr22",17036172,17036173,"M","R",1425
"cg25563983","chr22",17036439,17036440,"LM","R",267
"cg11577174","chr22",17036483,17036484,"M","R",44
"cg03511692","chr22",17036528,17036529,"M","M",45
"cg16747643","chr22",17036957,17036958,"M","M",429
"cg15861357","chr22",17037609,17037610,"M","M",652
"cg10664780","chr22",17037671,17037672,"M","M",62
"cg19901866","chr22",17083725,17083726,"H","R",46054
"cg13595439","chr22",17083860,17083861,"H","R",135
"cg07191900","chr22",17084104,17084105,"HM","R",244
"cg20758542","chr22",17084259,17084260,"M","R",155
"cg01731685","chr22",17084565,17084566,"L","LM",306
"cg21717745","chr22",17084722,17084723,"L","L",157
"cg02866761","chr22",17084774,17084775,"L","L",52
"cg05444620","chr22",17084785,17084786,"L","L",11
"cg03304299","chr22",17084852,17084853,"L","L",67
"cg05824484","chr22",17084984,17084985,"L","L",132
"cg12642297","chr22",17084999,17085000,"L","L",15
"cg26298038","chr22",17085014,17085015,"LM","LM",15
"cg15502903","chr22",17085407,17085408,"L","L",393
