"tissue","method","methy.state","contrary.flag","n.cpgs","n.evaluated","contrary.count","contrary.pct"
"Normal","bio","L",-1,8,424,0,0
"Normal","bio.loo","L",-1,8,424,0,0
"Normal","ext","L",-1,8,371,8,2.156
"Normal","self","L",-1,8,424,8,1.887
"Normal","bio","LM",-1,14,742,0,0
"Normal","bio.loo","LM",-1,14,742,0,0
"Normal","ext","LM",-1,14,742,21,2.83
"Normal","self","LM",-1,14,742,14,1.887
"Normal","bio","HM",1,38,2014,0,0
"Normal","bio.loo","HM",1,38,2014,0,0
"Normal","ext","HM",1,38,2014,46,2.284
"Normal","self","HM",1,38,2014,38,1.887
"Normal","bio","H",1,11,583,0,0
"Normal","bio.loo","H",1,11,583,0,0
"Normal","ext","H",1,11,583,10,1.715
"Normal","self","H",1,11,583,11,1.887
