"tissue","methy.state","direction","cgID","pos","cohort.median.beta","contrary.flags","pct.of.cell"
"Normal","L","-1","cg01731685",17084565,0.041,4,50
"Normal","L","-1","cg21717745",17084722,0.0454,0,0
"Normal","L","-1","cg02866761",17084774,0.0621,0,0
"Normal","L","-1","cg05444620",17084785,0.0191,0,0
"Normal","L","-1","cg03304299",17084852,0.017,2,25
"Normal","L","-1","cg05824484",17084984,0.0126,0,0
"Normal","L","-1","cg12642297",17084999,0.0105,1,12.5
"Normal","L","-1","cg15502903",17085407,0.049,1,12.5
"Normal","LM","-1","cg18605377",16387048,0.3193,0,0
"Normal","LM","-1","cg01836687",16601097,0.0523,2,9.5
"Normal","LM","-1","cg26822097",16601691,0.0388,1,4.8
"Normal","LM","-1","cg12431879",16601897,0.0895,0,0
"Normal","LM","-1","cg00332021",16602522,0.048,0,0
"Normal","LM","-1","cg00816224",16602592,0.0461,0,0
"Normal","LM","-1","cg15554678",16602673,0.0153,0,0
"Normal","LM","-1","cg23572163",16602837,0.0652,3,14.3
"Normal","LM","-1","cg01024141",16609246,0.1234,1,4.8
"Normal","LM","-1","cg18023096",16609696,0.0422,1,4.8
"Normal","LM","-1","cg04112787",16610028,0.1348,1,4.8
"Normal","LM","-1","cg20009101",16610333,0.0735,4,19
"Normal","LM","-1","cg25563983",17036439,0.2368,8,38.1
"Normal","LM","-1","cg26298038",17085014,0.0751,0,0
"Normal","H","+1","cg17204569",15511444,0.9808,4,40
"Normal","H","+1","cg03966099",15820367,0.9593,3,30
"Normal","H","+1","cg04185470",15854696,0.9093,0,0
"Normal","H","+1","cg02601618",16594156,0.907,0,0
"Normal","H","+1","cg13552315",16697861,0.9865,0,0
"Normal","H","+1","cg20556786",17007041,0.9268,0,0
"Normal","H","+1","cg13652169",17008222,0.9704,0,0
"Normal","H","+1","cg07155303",17008477,0.9332,1,10
"Normal","H","+1","cg17654752",17010940,0.9174,0,0
"Normal","H","+1","cg19901866",17083725,0.9083,0,0
"Normal","H","+1","cg13595439",17083860,0.9371,2,20
"Normal","HM","+1","cg22224202",11915060,0.8577,3,6.5
"Normal","HM","+1","cg03887676",12095366,0.7132,1,2.2
"Normal","HM","+1","cg03312332",12097898,0.845,1,2.2
"Normal","HM","+1","cg26835374",12097959,0.7924,3,6.5
"Normal","HM","+1","cg05924543",15554962,0.5539,2,4.3
"Normal","HM","+1","cg04778411",15572298,0.8642,0,0
"Normal","HM","+1","cg23921249",15573292,0.8944,1,2.2
"Normal","HM","+1","cg26685726",15603441,0.7203,0,0
"Normal","HM","+1","cg08711796",15690052,0.9104,0,0
"Normal","HM","+1","cg15130204",15690964,0.8859,0,0
"Normal","HM","+1","cg03531177",15749399,0.7023,2,4.3
"Normal","HM","+1","cg07885834",15749417,0.7348,0,0
"Normal","HM","+1","cg21423610",15759955,0.705,2,4.3
"Normal","HM","+1","cg13472645",15762134,0.7394,5,10.9
"Normal","HM","+1","cg19057994",15818890,0.8358,0,0
"Normal","HM","+1","cg26186732",15821037,0.7978,1,2.2
"Normal","HM","+1","cg19807306",15822202,0.8219,0,0
"Normal","HM","+1","cg11055967",15822620,0.683,2,4.3
"Normal","HM","+1","cg24521010",15822672,0.9026,2,4.3
"Normal","HM","+1","cg23557769",16391040,0.8066,0,0
"Normal","HM","+1","cg07443748",16592704,0.7111,1,2.2
"Normal","HM","+1","cg01474260",16592994,0.8034,5,10.9
"Normal","HM","+1","cg12888097",16593959,0.8466,2,4.3
"Normal","HM","+1","cg20193183",16606997,0.8564,0,0
"Normal","HM","+1","cg21220873",16695037,0.8471,1,2.2
"Normal","HM","+1","cg05695327",16696025,0.8833,0,0
"Normal","HM","+1","cg02665031",16697714,0.8807,2,4.3
"Normal","HM","+1","cg03288512",16697804,0.9004,1,2.2
"Normal","HM","+1","cg06842116",16701904,0.7827,0,0
"Normal","HM","+1","cg19961720",16828959,0.7911,2,4.3
"Normal","HM","+1","cg04037044",16959719,0.8652,3,6.5
"Normal","HM","+1","cg07640117",16959965,0.7543,0,0
"Normal","HM","+1","cg04561937",16962729,0.8376,1,2.2
"Normal","HM","+1","cg02432860",17008297,0.9475,0,0
"Normal","HM","+1","cg19091146",17008303,0.8052,1,2.2
"Normal","HM","+1","cg06123976",17008862,0.7569,0,0
"Normal","HM","+1","cg12370326",17008872,0.8129,2,4.3
"Normal","HM","+1","cg07191900",17084104,0.9675,0,0
"Tumor","L","-1","cg21717745",17084722,0.047,0,0
"Tumor","L","-1","cg02866761",17084774,0.0722,0,0
"Tumor","L","-1","cg05444620",17084785,0.0213,0,0
"Tumor","L","-1","cg03304299",17084852,0.0196,2,50
"Tumor","L","-1","cg05824484",17084984,0.0118,0,0
"Tumor","L","-1","cg12642297",17084999,0.0116,1,25
"Tumor","L","-1","cg15502903",17085407,0.051,1,25
"Tumor","LM","-1","cg15668074",15721335,0.3116,19,65.5
"Tumor","LM","-1","cg15554678",16602673,0.0281,0,0
"Tumor","LM","-1","cg23572163",16602837,0.1693,3,10.3
"Tumor","LM","-1","cg01024141",16609246,0.2392,0,0
"Tumor","LM","-1","cg18023096",16609696,0.0814,0,0
"Tumor","LM","-1","cg16234298",16610407,0.1391,6,20.7
"Tumor","LM","-1","cg01731685",17084565,0.0851,0,0
"Tumor","LM","-1","cg26298038",17085014,0.0568,1,3.4
"Tumor","HM","+1","cg22224202",11915060,0.7202,0,0
"Tumor","HM","+1","cg03312332",12097898,0.8124,2,4.7
"Tumor","HM","+1","cg17204569",15511444,0.9805,5,11.6
"Tumor","HM","+1","cg04778411",15572298,0.8998,4,9.3
"Tumor","HM","+1","cg07885834",15749417,0.749,7,16.3
"Tumor","HM","+1","cg03966099",15820367,0.9732,6,14
"Tumor","HM","+1","cg26186732",15821037,0.836,1,2.3
"Tumor","HM","+1","cg19807306",15822202,0.8393,0,0
"Tumor","HM","+1","cg04185470",15854696,0.7742,0,0
"Tumor","HM","+1","cg23557769",16391040,0.551,0,0
"Tumor","HM","+1","cg12888097",16593959,0.783,2,4.7
"Tumor","HM","+1","cg20193183",16606997,0.7971,0,0
"Tumor","HM","+1","cg21220873",16695037,0.8255,1,2.3
"Tumor","HM","+1","cg05695327",16696025,0.8723,1,2.3
"Tumor","HM","+1","cg02665031",16697714,0.8548,3,7
"Tumor","HM","+1","cg13552315",16697861,0.9841,0,0
"Tumor","HM","+1","cg20353484",17007985,0.6642,10,23.3
"Tumor","HM","+1","cg06123976",17008862,0.6744,0,0
"Tumor","HM","+1","cg17654752",17010940,0.8924,1,2.3
