cgID,zhou.mask,CG.within.200bp,CG.within.500bp,array.probes.500bp,in.380k,masked.neighbours,neighbour.states.N,median.r.N,max.abs.r.N,median.r.T,max.abs.r.T,neighbour.ext.flags.N,neighbour.ext.flags.T
cg01731685,none,18,61,10,9,1,HM/L/LM/M,-0.2043,0.6785,0.0977,0.4122,8,23
cg03304299,none,39,87,8,7,1,L/LM,0.2009,0.67,0.2241,0.7996,9,16
cg25563983,M_nonuniq,24,59,4,3,3,M,0.1796,0.2306,0.3469,0.3571,1,37
cg20009101,none,28,60,3,3,2,LM/M/R,0.7357,0.8471,0.619,0.6462,4,26
cg17204569,M_nonuniq,22,61,0,0,0,"",,,,,0,0
cg03966099,M_nonuniq,43,100,0,0,0,"",,,,,0,0
cg13472645,M_nonuniq,3,10,0,0,0,"",,,,,0,0
cg01474260,M_nonuniq,0,9,1,1,0,HM,0.7108,0.7108,0.7757,0.7757,1,17
cg15668074,M_nonuniq,3,14,0,0,0,"",,,,,0,0
cg16234298,M_nonuniq,19,54,3,3,1,LM/M,0.7357,0.8075,0.3788,0.7381,5,25
cg20353484,none,28,60,7,4,1,H/HM,0.0552,0.183,0.1,0.2048,4,75
cg07885834,M_nonuniq,18,47,1,1,1,HM,0.4641,0.4641,0.784,0.784,3,20
