"tissue","scope","variant","q","flags","flag.rate.pct","sites.with.flag","pct.sites.with.flag","samples.with.flag","median.abs.dbeta","pct.under.0.05","pct.under.0.10","jaccard.vs.ext"
"Normal","window","bio.stat.abs",0.9,535,10.094,63,63,53,0.057,43.4,73.5,0.0574
"Normal","window","bio.stat.abs",0.92,427,8.057,58,58,53,0.063,38.2,71.4,0.0667
"Normal","window","bio.stat.abs",0.94,321,6.057,53,53,53,0.0713,33,67.9,0.0802
"Normal","window","bio.stat.abs",0.95,269,5.075,49,49,53,0.0765,30.5,65.1,0.0878
"Normal","window","bio.stat.abs",0.96,216,4.075,49,49,52,0.0773,28.2,63.4,0.0876
"Normal","window","bio.stat.abs",0.97,163,3.075,42,42,51,0.0774,25.8,60.7,0.0957
"Normal","window","bio.stat.abs",0.98,109,2.057,36,36,46,0.0794,21.1,58.7,0.0844
"Normal","window","bio.stat.abs",0.99,58,1.094,28,28,35,0.1064,8.6,46.6,0.0722
"Normal","window","bio.stat.dev",0.9,535,10.094,92,92,53,0.105,13.3,46.7,0.1015
"Normal","window","bio.stat.dev",0.92,427,8.057,89,89,53,0.1138,11.7,37.7,0.1157
"Normal","window","bio.stat.dev",0.94,321,6.057,82,82,53,0.1285,9.3,25.9,0.1338
"Normal","window","bio.stat.dev",0.95,269,5.075,76,76,52,0.137,7.8,19.3,0.1436
"Normal","window","bio.stat.dev",0.96,216,4.075,69,69,52,0.1464,4.6,16.7,0.164
"Normal","window","bio.stat.dev",0.97,163,3.075,64,64,49,0.1603,3.1,16,0.1825
"Normal","window","bio.stat.dev",0.98,109,2.057,48,48,44,0.1755,0.9,14.7,0.1826
"Normal","window","bio.stat.dev",0.99,58,1.094,30,30,28,0.2135,0,10.3,0.1556
"Normal","chr22","bio.stat.abs",0.9,36093,10.001,3896,57.2,53,0.0498,50.1,76.1,0.0736
"Normal","chr22","bio.stat.abs",0.92,28873,8.001,3593,52.8,53,0.0569,45.3,73.5,0.0845
"Normal","chr22","bio.stat.abs",0.94,21655,6.001,3261,47.9,53,0.0662,38.8,69.7,0.098
"Normal","chr22","bio.stat.abs",0.95,18049,5.001,3053,44.8,53,0.0718,34.6,66.9,0.1054
"Normal","chr22","bio.stat.abs",0.96,14438,4.001,2782,40.9,53,0.0785,29.9,63.8,0.1102
"Normal","chr22","bio.stat.abs",0.97,10829,3.001,2433,35.7,53,0.0873,25,59,0.1095
"Normal","chr22","bio.stat.abs",0.98,7220,2.001,2005,29.4,53,0.0981,18.9,51.5,0.1034
"Normal","chr22","bio.stat.abs",0.99,3611,1.001,1361,20,53,0.1145,11,39.2,0.078
"Normal","chr22","bio.stat.dev",0.9,36093,10.001,5922,87,53,0.0927,31.4,55,0.1042
"Normal","chr22","bio.stat.dev",0.92,28873,8.001,5544,81.4,53,0.1032,27.9,47.6,0.1206
"Normal","chr22","bio.stat.dev",0.94,21655,6.001,5049,74.2,53,0.1179,21.9,41,0.1431
"Normal","chr22","bio.stat.dev",0.95,18049,5.001,4740,69.6,53,0.1272,17.2,40,0.1566
"Normal","chr22","bio.stat.dev",0.96,14438,4.001,4325,63.5,53,0.1369,10.1,38.6,0.1692
"Normal","chr22","bio.stat.dev",0.97,10829,3.001,3795,55.7,53,0.1489,0,36.2,0.1831
"Normal","chr22","bio.stat.dev",0.98,7220,2.001,3012,44.2,53,0.1665,0,31.5,0.1759
"Normal","chr22","bio.stat.dev",0.99,3611,1.001,1841,27,53,0.1985,0,17.4,0.128
"Tumor","window","bio.stat.abs",0.9,533,10.057,65,65,53,0.1141,24,46,0.129
"Tumor","window","bio.stat.abs",0.92,428,8.075,56,56,53,0.1182,22.7,45.8,0.1122
"Tumor","window","bio.stat.abs",0.94,322,6.075,50,50,52,0.1288,20.8,43.8,0.0948
"Tumor","window","bio.stat.abs",0.95,269,5.075,46,46,52,0.1319,20.8,41.3,0.0836
"Tumor","window","bio.stat.abs",0.96,216,4.075,41,41,51,0.1313,20.8,40.7,0.0673
"Tumor","window","bio.stat.abs",0.97,164,3.094,39,39,50,0.1323,20.7,41.5,0.0543
"Tumor","window","bio.stat.abs",0.98,110,2.075,38,38,42,0.1333,21.8,41.8,0.0392
"Tumor","window","bio.stat.abs",0.99,57,1.075,25,25,28,0.145,24.6,38.6,0.0204
"Tumor","window","bio.stat.dev",0.9,533,10.057,97,97,47,0.2931,4.9,7.5,0.2569
"Tumor","window","bio.stat.dev",0.92,428,8.075,92,92,45,0.3088,4.4,7.5,0.2146
"Tumor","window","bio.stat.dev",0.94,322,6.075,85,85,43,0.3373,3.7,7.5,0.1718
"Tumor","window","bio.stat.dev",0.95,269,5.075,76,76,40,0.3501,3,7.1,0.1446
"Tumor","window","bio.stat.dev",0.96,216,4.075,67,67,38,0.3668,1.9,6.9,0.122
"Tumor","window","bio.stat.dev",0.97,164,3.094,55,55,37,0.3849,0.6,6.7,0.0955
"Tumor","window","bio.stat.dev",0.98,110,2.075,47,47,34,0.4194,0,6.4,0.0652
"Tumor","window","bio.stat.dev",0.99,57,1.075,33,33,25,0.4449,0,5.3,0.0384
"Tumor","chr22","bio.stat.abs",0.9,36092,10.001,4186,61.5,53,0.0525,48.7,69.1,0.1028
"Tumor","chr22","bio.stat.abs",0.92,28873,8.001,3847,56.5,53,0.059,45.3,67,0.1016
"Tumor","chr22","bio.stat.abs",0.94,21657,6.001,3422,50.3,53,0.0668,40.6,64.2,0.0974
"Tumor","chr22","bio.stat.abs",0.95,18047,5.001,3160,46.4,53,0.0716,38.1,62.5,0.0926
"Tumor","chr22","bio.stat.abs",0.96,14438,4.001,2836,41.7,53,0.0777,35.5,60.4,0.0856
"Tumor","chr22","bio.stat.abs",0.97,10830,3.001,2458,36.1,53,0.0849,33,57.8,0.0749
"Tumor","chr22","bio.stat.abs",0.98,7223,2.002,1958,28.8,53,0.094,30,53.3,0.0592
"Tumor","chr22","bio.stat.abs",0.99,3613,1.001,1307,19.2,53,0.1051,27.7,47.4,0.035
"Tumor","chr22","bio.stat.dev",0.9,36092,10.001,6113,89.8,53,0.1553,23.6,33.7,0.2239
"Tumor","chr22","bio.stat.dev",0.92,28873,8.001,5866,86.2,53,0.1756,20.7,32.8,0.2192
"Tumor","chr22","bio.stat.dev",0.94,21657,6.001,5399,79.3,53,0.2029,15.8,31.9,0.206
"Tumor","chr22","bio.stat.dev",0.95,18047,5.001,5045,74.1,53,0.2202,11.9,31.2,0.1946
"Tumor","chr22","bio.stat.dev",0.96,14438,4.001,4577,67.2,53,0.2415,6,30.2,0.1791
"Tumor","chr22","bio.stat.dev",0.97,10830,3.001,3965,58.2,53,0.2682,0.2,28.4,0.1565
"Tumor","chr22","bio.stat.dev",0.98,7223,2.002,3175,46.6,53,0.3036,0,25,0.1213
"Tumor","chr22","bio.stat.dev",0.99,3613,1.001,2007,29.5,53,0.3599,0,14.6,0.0692
