"Composite.Element.REF","Chromosome","Start","End","methy.state"
"cg22224202","chr22",11915060,11915061,"HM"
"cg03887676","chr22",12095366,12095367,"HM"
"cg03032015","chr22",12097885,12097886,"M"
"cg03312332","chr22",12097898,12097899,"HM"
"cg26835374","chr22",12097959,12097960,"HM"
"cg00004121","chr22",12098133,12098134,"M"
"cg07970541","chr22",15508312,15508313,"M"
"cg17204569","chr22",15511444,15511445,"H"
"cg05506566","chr22",15554099,15554100,"M"
"cg05924543","chr22",15554962,15554963,"HM"
"cg04778411","chr22",15572298,15572299,"HM"
"cg23921249","chr22",15573292,15573293,"HM"
"cg20501883","chr22",15603422,15603423,"R"
"cg26685726","chr22",15603441,15603442,"HM"
"cg08711796","chr22",15690052,15690053,"HM"
"cg15130204","chr22",15690964,15690965,"HM"
"cg15668074","chr22",15721335,15721336,"M"
"cg03531177","chr22",15749399,15749400,"HM"
"cg07885834","chr22",15749417,15749418,"HM"
"cg07917473","chr22",15750431,15750432,"M"
"cg21423610","chr22",15759955,15759956,"HM"
"cg13472645","chr22",15762134,15762135,"HM"
"cg00555036","chr22",15764181,15764182,"M"
"cg12153292","chr22",15775889,15775890,"M"
"cg03944122","chr22",15777580,15777581,"M"
"cg10030810","chr22",15778092,15778093,"M"
"cg04105722","chr22",15784325,15784326,"M"
"cg19057994","chr22",15818890,15818891,"HM"
"cg03966099","chr22",15820367,15820368,"H"
"cg26186732","chr22",15821037,15821038,"HM"
"cg04110531","chr22",15821249,15821250,"M"
"cg19807306","chr22",15822202,15822203,"HM"
"cg11055967","chr22",15822620,15822621,"HM"
"cg24521010","chr22",15822672,15822673,"HM"
"cg04185470","chr22",15854696,15854697,"H"
"cg18605377","chr22",16387048,16387049,"LM"
"cg03389890","chr22",16387319,16387320,"R"
"cg17036492","chr22",16387738,16387739,"M"
"cg23557769","chr22",16391040,16391041,"HM"
"cg07443748","chr22",16592704,16592705,"HM"
"cg01474260","chr22",16592994,16592995,"HM"
"cg12888097","chr22",16593959,16593960,"HM"
"cg02601618","chr22",16594156,16594157,"H"
"cg13117439","chr22",16600826,16600827,"R"
"cg01836687","chr22",16601097,16601098,"LM"
"cg26822097","chr22",16601691,16601692,"LM"
"cg12431879","chr22",16601897,16601898,"LM"
"cg00332021","chr22",16602522,16602523,"LM"
"cg00816224","chr22",16602592,16602593,"LM"
"cg15554678","chr22",16602673,16602674,"LM"
"cg23572163","chr22",16602837,16602838,"LM"
"cg20193183","chr22",16606997,16606998,"HM"
"cg01024141","chr22",16609246,16609247,"LM"
"cg18023096","chr22",16609696,16609697,"LM"
"cg26581886","chr22",16609972,16609973,"M"
"cg04112787","chr22",16610028,16610029,"LM"
"cg20009101","chr22",16610333,16610334,"LM"
"cg16234298","chr22",16610407,16610408,"R"
"cg21220873","chr22",16695037,16695038,"HM"
"cg05695327","chr22",16696025,16696026,"HM"
"cg02665031","chr22",16697714,16697715,"HM"
"cg03288512","chr22",16697804,16697805,"HM"
"cg13552315","chr22",16697861,16697862,"H"
"cg06842116","chr22",16701904,16701905,"HM"
"cg19961720","chr22",16828959,16828960,"HM"
"cg04037044","chr22",16959719,16959720,"HM"
"cg07640117","chr22",16959965,16959966,"HM"
"cg04561937","chr22",16962729,16962730,"HM"
"cg20556786","chr22",17007041,17007042,"H"
"cg03308092","chr22",17007385,17007386,"R"
"cg20353484","chr22",17007985,17007986,"M"
"cg13652169","chr22",17008222,17008223,"H"
"cg02432860","chr22",17008297,17008298,"HM"
"cg19091146","chr22",17008303,17008304,"HM"
"cg07155303","chr22",17008477,17008478,"H"
"cg06123976","chr22",17008862,17008863,"HM"
"cg12370326","chr22",17008872,17008873,"HM"
"cg17654752","chr22",17010940,17010941,"H"
"cg13751645","chr22",17032615,17032616,"M"
"cg06023066","chr22",17034747,17034748,"M"
"cg10277548","chr22",17036172,17036173,"M"
"cg25563983","chr22",17036439,17036440,"LM"
"cg11577174","chr22",17036483,17036484,"M"
"cg03511692","chr22",17036528,17036529,"M"
"cg16747643","chr22",17036957,17036958,"M"
"cg15861357","chr22",17037609,17037610,"M"
"cg10664780","chr22",17037671,17037672,"M"
"cg19901866","chr22",17083725,17083726,"H"
"cg13595439","chr22",17083860,17083861,"H"
"cg07191900","chr22",17084104,17084105,"HM"
"cg20758542","chr22",17084259,17084260,"M"
"cg01731685","chr22",17084565,17084566,"L"
"cg21717745","chr22",17084722,17084723,"L"
"cg02866761","chr22",17084774,17084775,"L"
"cg05444620","chr22",17084785,17084786,"L"
"cg03304299","chr22",17084852,17084853,"L"
"cg05824484","chr22",17084984,17084985,"L"
"cg12642297","chr22",17084999,17085000,"L"
"cg26298038","chr22",17085014,17085015,"LM"
"cg15502903","chr22",17085407,17085408,"L"
