"site.index","cgID","chr","pos","gap.to.prev.bp","state.normal","median.beta.N","q25.beta.N","q75.beta.N","bio.neg1.N","bio.pos1.N","self.neg1.N","self.pos1.N","ext.neg1.N","ext.pos1.N","ext.evaluable.N","state.tumor","median.beta.T","q25.beta.T","q75.beta.T","bio.neg1.T","bio.pos1.T","self.neg1.T","self.pos1.T","ext.neg1.T","ext.pos1.T","ext.evaluable.T"
1,"cg22224202","chr22",11915060,NA,"HM",0.8577,0.815,0.8917,1,0,1,1,0,3,53,"HM",0.7202,0.5854,0.7799,1,0,1,1,20,0,53
2,"cg03887676","chr22",12095366,180306,"HM",0.7132,0.6777,0.7388,1,0,1,1,0,1,53,"M",0.5483,0.496,0.5914,0,0,1,1,23,0,53
3,"cg03032015","chr22",12097885,2519,"M",0.5655,0.5062,0.6593,0,0,1,1,0,2,53,"R",0.5701,0.4914,0.643,0,0,1,1,4,4,53
4,"cg03312332","chr22",12097898,13,"HM",0.845,0.7912,0.8768,1,0,1,1,0,1,53,"HM",0.8124,0.7119,0.8681,1,0,1,1,10,2,53
5,"cg26835374","chr22",12097959,61,"HM",0.7924,0.6554,0.8583,1,0,1,1,0,3,53,"R",0.7746,0.6722,0.9078,0,0,1,1,5,6,53
6,"cg00004121","chr22",12098133,174,"M",0.5546,0.5037,0.6094,0,0,1,1,0,3,53,"R",0.5543,0.4966,0.6125,0,0,1,1,4,9,53
7,"cg07970541","chr22",15508312,3410179,"M",0.6471,0.6176,0.6767,0,0,1,1,1,0,53,"M",0.5215,0.4642,0.5898,0,0,1,1,28,0,53
8,"cg17204569","chr22",15511444,3132,"H",0.9808,0.9757,0.9855,1,0,1,1,0,4,53,"HM",0.9805,0.9675,0.9838,1,0,1,1,5,5,53
9,"cg05506566","chr22",15554099,42655,"M",0.5377,0.4955,0.5852,0,0,1,1,1,2,53,"M",0.4683,0.3836,0.5602,0,0,1,1,21,0,53
10,"cg05924543","chr22",15554962,863,"HM",0.5539,0.5069,0.6056,1,0,1,1,0,2,53,"R",0.3826,0.2532,0.4844,0,0,1,1,20,0,53
11,"cg04778411","chr22",15572298,17336,"HM",0.8642,0.8408,0.8962,1,0,1,1,0,0,53,"HM",0.8998,0.8058,0.9303,1,0,1,1,3,4,53
12,"cg23921249","chr22",15573292,994,"HM",0.8944,0.8583,0.9321,1,0,1,1,1,1,53,"R",0.8415,0.6851,0.9265,0,0,1,1,15,1,53
13,"cg20501883","chr22",15603422,30130,"R",0.7509,0.6731,0.8452,0,0,1,1,4,0,53,"R",0.5271,0.3868,0.685,0,0,1,1,29,1,53
14,"cg26685726","chr22",15603441,19,"HM",0.7203,0.6661,0.7942,1,0,1,1,4,0,53,"R",0.5405,0.4183,0.6869,0,0,1,1,30,1,53
15,"cg08711796","chr22",15690052,86611,"HM",0.9104,0.892,0.9258,1,0,1,1,2,0,53,"R",0.8115,0.7452,0.9026,0,0,1,1,15,0,53
16,"cg15130204","chr22",15690964,912,"HM",0.8859,0.8385,0.9079,1,0,1,1,2,0,53,"R",0.7791,0.6176,0.8739,0,0,1,1,6,0,53
17,"cg15668074","chr22",15721335,30371,"M",0.3585,0.3259,0.4154,0,0,1,1,0,1,53,"LM",0.3116,0.222,0.3612,0,1,1,1,19,2,53
18,"cg03531177","chr22",15749399,28064,"HM",0.7023,0.6643,0.7186,1,0,1,1,1,2,53,"R",0.6312,0.5394,0.7095,0,0,1,1,17,3,53
19,"cg07885834","chr22",15749417,18,"HM",0.7348,0.7047,0.7647,1,0,1,1,0,0,53,"HM",0.749,0.6954,0.7909,1,0,1,1,5,7,53
20,"cg07917473","chr22",15750431,1014,"M",0.5938,0.5636,0.6304,0,0,1,1,0,1,53,"R",0.5429,0.4548,0.6082,0,0,1,1,16,2,53
21,"cg21423610","chr22",15759955,9524,"HM",0.705,0.6854,0.7485,1,0,1,1,1,2,53,"R",0.6804,0.6162,0.7304,0,0,1,1,8,5,53
22,"cg13472645","chr22",15762134,2179,"HM",0.7394,0.6716,0.7934,1,0,1,1,0,5,53,"R",0.6026,0.4776,0.6857,0,0,1,1,21,0,53
23,"cg00555036","chr22",15764181,2047,"M",0.5136,0.4602,0.5537,0,0,1,1,0,0,53,"R",0.5985,0.4541,0.6575,0,0,1,1,5,12,53
24,"cg12153292","chr22",15775889,11708,"M",0.5754,0.55,0.6037,0,0,1,1,0,3,53,"R",0.5596,0.4693,0.6383,0,0,1,1,12,8,53
25,"cg03944122","chr22",15777580,1691,"M",0.4219,0.4025,0.4495,0,0,1,1,0,0,53,"M",0.4714,0.4089,0.539,0,0,1,1,2,4,53
26,"cg10030810","chr22",15778092,512,"M",0.5323,0.4814,0.5885,0,0,1,1,1,0,53,"R",0.5377,0.4062,0.6414,0,0,1,1,17,4,53
27,"cg04105722","chr22",15784325,6233,"M",0.6222,0.6092,0.6414,0,0,1,1,0,0,53,"M",0.577,0.5221,0.6344,0,0,1,1,14,2,53
28,"cg19057994","chr22",15818890,34565,"HM",0.8358,0.7808,0.8875,1,0,1,1,0,0,53,"R",0.7823,0.692,0.875,0,0,1,1,4,0,53
29,"cg03966099","chr22",15820367,1477,"H",0.9593,0.9202,0.9776,1,0,1,1,0,3,53,"HM",0.9732,0.9447,0.9846,1,0,1,1,3,6,53
30,"cg26186732","chr22",15821037,670,"HM",0.7978,0.7728,0.8371,1,0,1,1,0,1,53,"HM",0.836,0.7676,0.8707,1,0,1,1,1,1,53
31,"cg04110531","chr22",15821249,212,"M",0.5133,0.4835,0.5524,0,0,1,1,0,3,53,"R",0.5274,0.4782,0.5768,0,0,1,1,2,6,53
32,"cg19807306","chr22",15822202,953,"HM",0.8219,0.8022,0.8487,1,0,1,1,0,0,53,"HM",0.8393,0.8091,0.8617,1,0,1,1,1,0,53
33,"cg11055967","chr22",15822620,418,"HM",0.683,0.6296,0.7085,1,0,1,1,0,2,53,"R",0.5539,0.4198,0.7182,0,0,1,1,18,1,53
34,"cg24521010","chr22",15822672,52,"HM",0.9026,0.8801,0.9163,1,0,1,1,1,2,53,"R",0.8677,0.7576,0.9193,0,0,1,1,13,5,53
35,"cg04185470","chr22",15854696,32024,"H",0.9093,0.8945,0.9211,1,0,1,1,1,0,53,"HM",0.7742,0.6666,0.8794,1,0,1,1,34,0,53
36,"cg18605377","chr22",16387048,532352,"LM",0.3193,0.2935,0.3546,0,1,1,1,0,0,53,"M",0.4087,0.3792,0.4796,0,0,1,1,0,15,53
37,"cg03389890","chr22",16387319,271,"R",0.3271,0.2788,0.4766,0,0,1,1,0,0,53,"R",0.5912,0.4625,0.713,0,0,1,1,1,9,53
38,"cg17036492","chr22",16387738,419,"M",0.5752,0.5555,0.6009,0,0,1,1,0,0,53,"M",0.4961,0.4318,0.5683,0,0,1,1,20,1,53
39,"cg23557769","chr22",16391040,3302,"HM",0.8066,0.7621,0.8469,1,0,1,1,0,0,53,"HM",0.551,0.5004,0.6627,1,0,1,1,33,0,53
40,"cg07443748","chr22",16592704,201664,"HM",0.7111,0.6589,0.7336,1,0,1,1,0,1,53,"R",0.5867,0.4514,0.6863,0,0,1,1,13,4,53
41,"cg01474260","chr22",16592994,290,"HM",0.8034,0.7668,0.8497,1,0,1,1,0,5,53,"R",0.6575,0.5282,0.7789,0,0,1,1,11,3,53
42,"cg12888097","chr22",16593959,965,"HM",0.8466,0.8344,0.8783,1,0,1,1,0,2,53,"HM",0.783,0.6917,0.8373,1,0,1,1,10,2,53
43,"cg02601618","chr22",16594156,197,"H",0.907,0.8925,0.9189,1,0,1,1,0,0,53,"R",0.7906,0.6781,0.8882,0,0,1,1,19,0,53
44,"cg13117439","chr22",16600826,6670,"R",0.2824,0.2092,0.3661,0,0,1,1,1,1,53,"R",0.3761,0.2745,0.546,0,0,1,1,4,3,53
45,"cg01836687","chr22",16601097,271,"LM",0.0523,0.044,0.063,0,1,1,1,2,0,53,"R",0.1257,0.0619,0.4059,0,0,1,1,0,1,53
46,"cg26822097","chr22",16601691,594,"LM",0.0388,0.0295,0.0489,0,1,1,1,1,0,53,"R",0.2276,0.0478,0.4638,0,0,1,1,0,15,53
47,"cg12431879","chr22",16601897,206,"LM",0.0895,0.0699,0.1194,0,1,1,1,0,0,53,"R",0.3103,0.1066,0.4343,0,0,1,1,0,7,53
48,"cg00332021","chr22",16602522,625,"LM",0.048,0.0348,0.0779,0,1,1,1,0,1,53,"R",0.1097,0.0457,0.3556,0,0,1,1,0,12,53
49,"cg00816224","chr22",16602592,70,"LM",0.0461,0.0357,0.0688,0,1,1,1,0,0,53,"R",0.158,0.0654,0.4125,0,0,1,1,0,9,53
50,"cg15554678","chr22",16602673,81,"LM",0.0153,0.0122,0.0209,0,1,1,1,0,0,53,"LM",0.0281,0.0147,0.2549,0,1,1,1,0,3,53
51,"cg23572163","chr22",16602837,164,"LM",0.0652,0.0518,0.0849,0,1,1,1,3,0,53,"LM",0.1693,0.0761,0.2627,0,1,1,1,3,6,53
52,"cg20193183","chr22",16606997,4160,"HM",0.8564,0.8138,0.8797,1,0,1,1,0,0,53,"HM",0.7971,0.6625,0.8574,1,0,1,1,6,0,53
53,"cg01024141","chr22",16609246,2249,"LM",0.1234,0.1047,0.1453,0,1,1,1,1,0,53,"LM",0.2392,0.1528,0.3095,0,1,1,1,0,8,53
54,"cg18023096","chr22",16609696,450,"LM",0.0422,0.0311,0.0504,0,1,1,1,1,0,53,"LM",0.0814,0.047,0.2125,0,1,1,1,0,1,53
55,"cg26581886","chr22",16609972,276,"M",0.4064,0.3862,0.4407,0,0,1,1,0,0,53,"M",0.5198,0.4328,0.5789,0,0,1,1,0,10,53
56,"cg04112787","chr22",16610028,56,"LM",0.1348,0.0998,0.169,0,1,1,1,1,0,53,"R",0.2442,0.1537,0.3902,0,0,1,1,0,7,53
57,"cg20009101","chr22",16610333,305,"LM",0.0735,0.0595,0.1001,0,1,1,1,4,0,53,"R",0.2115,0.1036,0.4066,0,0,1,1,4,4,53
58,"cg16234298","chr22",16610407,74,"R",0.1396,0.1129,0.1803,0,0,1,1,0,3,53,"LM",0.1391,0.0992,0.1826,0,1,1,1,6,3,53
59,"cg21220873","chr22",16695037,84630,"HM",0.8471,0.8146,0.883,1,0,1,1,0,1,53,"HM",0.8255,0.7029,0.8885,1,0,1,1,6,1,53
60,"cg05695327","chr22",16696025,988,"HM",0.8833,0.8577,0.8999,1,0,1,1,0,0,53,"HM",0.8723,0.6923,0.9129,1,0,1,1,11,1,53
61,"cg02665031","chr22",16697714,1689,"HM",0.8807,0.8624,0.9017,1,0,1,1,0,2,53,"HM",0.8548,0.7342,0.893,1,0,1,1,18,3,53
62,"cg03288512","chr22",16697804,90,"HM",0.9004,0.8827,0.9186,1,0,1,1,1,1,53,"R",0.8542,0.5991,0.894,0,0,1,1,19,2,53
63,"cg13552315","chr22",16697861,57,"H",0.9865,0.9839,0.9879,1,0,1,1,0,0,53,"HM",0.9841,0.9695,0.9867,1,0,1,1,10,0,53
64,"cg06842116","chr22",16701904,4043,"HM",0.7827,0.7598,0.8251,1,0,1,1,0,0,53,"R",0.738,0.5182,0.8314,0,0,1,1,16,3,53
65,"cg19961720","chr22",16828959,127055,"HM",0.7911,0.7721,0.8146,1,0,1,1,0,2,53,"R",0.6491,0.4881,0.762,0,0,1,1,9,4,53
66,"cg04037044","chr22",16959719,130760,"HM",0.8652,0.8261,0.8888,1,0,1,1,0,3,53,"R",0.8308,0.7696,0.8687,0,0,1,1,8,1,53
67,"cg07640117","chr22",16959965,246,"HM",0.7543,0.7299,0.7763,1,0,1,1,0,0,53,"R",0.5577,0.455,0.6695,0,0,1,1,16,0,53
68,"cg04561937","chr22",16962729,2764,"HM",0.8376,0.8161,0.8634,1,0,1,1,0,1,53,"R",0.662,0.5534,0.7471,0,0,1,1,22,2,53
69,"cg20556786","chr22",17007041,44312,"H",0.9268,0.9215,0.9358,1,0,1,1,0,0,53,"R",0.8688,0.73,0.9249,0,0,1,1,23,0,53
70,"cg03308092","chr22",17007385,344,"R",0.5232,0.3971,0.6613,0,0,1,1,0,0,53,"R",0.7334,0.5672,0.8054,0,0,1,1,0,7,53
71,"cg20353484","chr22",17007985,600,"M",0.6044,0.5711,0.6582,0,0,1,1,1,1,53,"HM",0.6642,0.617,0.7051,1,0,1,1,1,10,53
72,"cg13652169","chr22",17008222,237,"H",0.9704,0.9677,0.9726,1,0,1,1,1,0,53,"H",0.9645,0.9523,0.97,1,0,1,1,14,0,53
73,"cg02432860","chr22",17008297,75,"HM",0.9475,0.9372,0.9566,1,0,1,1,1,0,53,"R",0.8912,0.5887,0.937,0,0,1,1,21,0,53
74,"cg19091146","chr22",17008303,6,"HM",0.8052,0.7875,0.8312,1,0,1,1,0,1,53,"R",0.7297,0.5592,0.815,0,0,1,1,21,4,53
75,"cg07155303","chr22",17008477,174,"H",0.9332,0.9173,0.9554,1,0,1,1,0,1,53,"R",0.8768,0.7331,0.9286,0,0,1,1,15,0,53
76,"cg06123976","chr22",17008862,385,"HM",0.7569,0.7192,0.7791,1,0,1,1,0,0,53,"HM",0.6744,0.5689,0.7325,1,0,1,1,16,0,53
77,"cg12370326","chr22",17008872,10,"HM",0.8129,0.7921,0.8302,1,0,1,1,0,2,53,"R",0.764,0.5732,0.8168,0,0,1,1,18,3,53
78,"cg17654752","chr22",17010940,2068,"H",0.9174,0.9061,0.9251,1,0,1,1,0,0,53,"HM",0.8924,0.8046,0.926,1,0,1,1,11,1,53
79,"cg13751645","chr22",17032615,21675,"M",0.6659,0.6255,0.702,0,0,1,1,0,3,53,"R",0.636,0.5758,0.7012,0,0,1,1,3,5,53
80,"cg06023066","chr22",17034747,2132,"M",0.6012,0.5771,0.641,0,0,1,1,0,0,53,"M",0.5787,0.5281,0.6346,0,0,1,1,7,0,53
81,"cg10277548","chr22",17036172,1425,"M",0.5188,0.4866,0.5472,0,0,1,1,0,0,53,"R",0.5024,0.4476,0.5681,0,0,1,1,2,5,53
82,"cg25563983","chr22",17036439,267,"LM",0.2368,0.1921,0.2805,0,1,1,1,8,0,53,"R",0.4343,0.2634,0.5766,0,0,1,1,2,12,53
83,"cg11577174","chr22",17036483,44,"M",0.6884,0.6532,0.7224,0,0,1,1,0,0,53,"R",0.5659,0.4949,0.6231,0,0,1,1,26,0,53
84,"cg03511692","chr22",17036528,45,"M",0.4753,0.4392,0.5273,0,0,1,1,1,0,53,"M",0.5247,0.4398,0.5755,0,0,1,1,2,2,53
85,"cg16747643","chr22",17036957,429,"M",0.536,0.5196,0.55,0,0,1,1,0,0,53,"M",0.4985,0.453,0.5264,0,0,1,1,14,3,53
86,"cg15861357","chr22",17037609,652,"M",0.5699,0.5476,0.5915,0,0,1,1,0,0,53,"M",0.4551,0.4041,0.5534,0,0,1,1,34,1,53
87,"cg10664780","chr22",17037671,62,"M",0.4863,0.3967,0.5361,0,0,1,1,7,0,53,"M",0.4543,0.3686,0.529,0,0,1,1,13,0,53
88,"cg19901866","chr22",17083725,46054,"H",0.9083,0.8998,0.9214,1,0,1,1,0,0,53,"R",0.9065,0.8958,0.9187,0,0,1,1,3,1,53
89,"cg13595439","chr22",17083860,135,"H",0.9371,0.9282,0.9445,1,0,1,1,0,2,53,"R",0.9341,0.9183,0.9436,0,0,1,1,3,1,53
90,"cg07191900","chr22",17084104,244,"HM",0.9675,0.9368,0.9753,1,0,1,1,2,0,53,"R",0.9732,0.964,0.9797,0,0,1,1,7,0,53
91,"cg20758542","chr22",17084259,155,"M",0.5935,0.5453,0.6364,0,0,1,1,0,0,53,"R",0.7518,0.684,0.8095,0,0,1,1,4,3,53
92,"cg01731685","chr22",17084565,306,"L",0.041,0.0331,0.055,0,1,1,1,4,1,53,"LM",0.0851,0.0632,0.1088,0,1,1,1,0,9,53
93,"cg21717745","chr22",17084722,157,"L",0.0454,0.0414,0.0526,0,1,1,1,0,1,53,"L",0.047,0.0394,0.057,0,1,1,1,0,4,53
94,"cg02866761","chr22",17084774,52,"L",0.0621,0.0512,0.0764,0,1,1,1,0,0,0,"L",0.0722,0.0591,0.0845,0,1,1,1,0,0,0
95,"cg05444620","chr22",17084785,11,"L",0.0191,0.0174,0.023,0,1,1,1,0,0,53,"L",0.0213,0.0192,0.0289,0,1,1,1,0,0,53
96,"cg03304299","chr22",17084852,67,"L",0.017,0.0149,0.0201,0,1,1,1,2,0,53,"L",0.0196,0.0171,0.0233,0,1,1,1,2,0,53
97,"cg05824484","chr22",17084984,132,"L",0.0126,0.0106,0.0147,0,1,1,1,0,0,53,"L",0.0118,0.0101,0.0142,0,1,1,1,0,0,53
98,"cg12642297","chr22",17084999,15,"L",0.0105,0.0093,0.0115,0,1,1,1,1,0,53,"L",0.0116,0.0103,0.0132,0,1,1,1,1,0,53
99,"cg26298038","chr22",17085014,15,"LM",0.0751,0.0456,0.1048,0,1,1,1,0,2,53,"LM",0.0568,0.0407,0.0828,0,1,1,1,1,1,53
100,"cg15502903","chr22",17085407,393,"L",0.049,0.0433,0.0619,0,1,1,1,1,2,53,"L",0.051,0.0416,0.0645,0,1,1,1,1,3,53
