"tissue","methy.state","hyper.flags","median.threshold.P","median.headroom.1minusP","median.deltMeth","median.relMeth","inflation.rel.over.delt","pct.deltMeth.under.0.05","pct.relMeth.under.0.05"
"Normal","L",1880,0.0997,0.9003,0.0236,0.0265,1.1,87.5,82.1
"Normal","LM",724,0.2072,0.7928,0.0476,0.0624,1.3,52.2,40.6
"Normal","M",231,0.6731,0.3269,0.0236,0.0689,2.9,79.2,38.5
"Normal","HM",1313,0.9068,0.0932,0.0097,0.11,11.3,94.1,22.7
"Normal","H",1127,0.9629,0.0371,0.0022,0.0746,33.5,100,34.3
"Normal","R",310,0.7502,0.2498,0.0399,0.2051,5.1,57.1,10.6
"Tumor","L",1845,0.0958,0.9042,0.0154,0.0173,1.1,91,87.6
"Tumor","LM",2148,0.1824,0.8176,0.0684,0.0885,1.3,40.4,34
"Tumor","M",534,0.6033,0.3967,0.0431,0.1148,2.7,55.4,24.7
"Tumor","HM",5474,0.8963,0.1037,0.0134,0.1387,10.3,89.5,18.4
"Tumor","H",1278,0.9553,0.0447,0.0038,0.0959,25.4,99.9,25
"Tumor","R",11145,0.5867,0.4133,0.0734,0.2217,3,39.5,12.1
